token_id,question,outcome_label,priority,source,latest_book_ts,latest_book_age_s,latest_mid,last_seen_ts
106148171596919935631806889016637733543934425578771785458420429149403991410824,Brazil vs. Norway: Team to Advance,Norway,10,rn1_recent_trade,1783271918,3,0.295,1783271894
109727109958608475656575712824282829861982809925425075926364586594443555503628,Baltimore Orioles vs. Cincinnati Reds,Baltimore Orioles,10,rn1_recent_trade,1783271919,2,0.525,1783271885
112366789873533255143935435135348022625123179945345532824891959601721883831909,San Francisco Giants vs. Colorado Rockies: O/U 12.5,Over,10,rn1_recent_trade,1783271790,131,0.515,1783271885
15407206858224436213403431751116849205731703731510561310089591636140824242942,Quito: Matheus Pucinelli de Almeida vs Hernan Casanova,Matheus Pucinelli de Almeida,10,rn1_recent_trade_closed,1783271919,2,0.555,1783271885
17958146656007112408974110076428753374473338934862689243118575566157282569085,Brazil vs. Norway: O/U 4.5,Under,10,rn1_recent_trade,1783271918,3,0.825,1783271894
19270630777558640544547501118520831346147002509997851493750997099589698621398,Will Norway win on 2026-07-05?,Yes,10,rn1_recent_trade,1783271918,3,0.195,1783271894
23084257190227515152755394040708913598190619909550851365865494103219007103890,New York Mets vs. Atlanta Braves,New York Mets,10,rn1_recent_trade,1783271919,2,0.505,1783271885
25275123619808057481108572448748011534295379319435845147554761488437871636958,Exact Score: Brazil 2 - 1 Norway?,No,10,rn1_recent_trade,1783271918,3,0.875,1783271894
25488999774614392618895746515798757261284069686356272640902684844359070897351,Wimbledon ATP: Felix Auger-Aliassime vs Alejandro Davidovich Fokina,Felix Auger-Aliassime,10,rn1_recent_trade,1783271919,2,0.625,1783271885
28050273107329445091421253379726103392289010420763288222105568959497520229250,Mexico vs. England: Team to Advance,Mexico,10,rn1_recent_trade,1783271918,3,0.475,1783271894
28488825522566484763954618928081869648290556701527681241379668633437553414147,Exact Score: Mexico 1 - 2 England?,No,10,rn1_recent_trade,1783271918,3,0.915,1783271894
29293544837825940187539588252515908054350126418752655260450818683588579485898,Spread: Washington Nationals (-1.5),Washington Nationals,10,rn1_recent_trade_closed,1783271919,2,0.47,1783271885
31440557388819303417770669910859849927103241821910890816434841754857815797471,Wimbledon WTA: Aryna Sabalenka vs Naomi Osaka,Naomi Osaka,10,rn1_recent_trade_closed,1783271919,2,0.635,1783271885
33521363574214506525681778727496372864172885216354861989106564347384613377470,Pittsburgh Pirates vs. Washington Nationals,Washington Nationals,10,rn1_recent_trade,1783271919,2,0.635,1783271885
37860360849142727844171782484171713010867366418702105986246401605361900810906,Minnesota Twins vs. New York Yankees,Minnesota Twins,10,rn1_recent_trade,1783271919,2,0.445,1783271885
3875374728974726257732248966866638645726994953028461634682971051529028251652,Mexico vs. England: England O/U 1.5,Under,10,rn1_recent_trade,1783271918,3,0.655,1783271894
40172657438142857560212158286684349090911680600317834633546787908714973240302,Pittsburgh Pirates vs. Washington Nationals,Pittsburgh Pirates,10,rn1_recent_trade,1783271919,2,0.365,1783271885
40300994507735581422607220815844346716097904473350128157576481401098420184840,Brazil vs. Norway: Brazil O/U 0.5,Over,10,rn1_recent_trade,1783271918,3,0.865,1783271894
49879704887492126282668979145051908403872368437254201863109241294433655764437,Wimbledon ATP: Felix Auger-Aliassime vs Alejandro Davidovich Fokina,Alejandro Davidovich Fokina,10,rn1_recent_trade_closed,1783271919,2,0.375,1783271885
50005747796798947658307880873547023193183294107951372499935486492783595565015,Pittsburgh Pirates vs. Washington Nationals: O/U 11.5,Over,10,rn1_recent_trade,1783271919,2,0.33,1783271885
51226380344137226338754393683947969828747293697916608374080322536564300369688,Brazil vs. Norway: Team to Advance,Brazil,10,rn1_recent_trade,1783271918,3,0.705,1783271894
52867278617154096651340983728712173079548669881080863979680373364300606268754,New York Mets vs. Atlanta Braves: O/U 9.5,Under,10,rn1_recent_trade_closed,1783271919,2,0.625,1783271885
53744314217132098205215628604951227170738444198397592083047812353916467902698,New York Mets vs. Atlanta Braves,Atlanta Braves,10,rn1_recent_trade,1783271919,2,0.495,1783271885
53791259745705726030589240827060759250615158391415011769641887216926825684479,Will England win on 2026-07-05?,Yes,10,rn1_recent_trade,1783271918,3,0.395,1783271894
56889088839624751306547563022648230645904921247957435379076126334567523832822,Will OC Safi win on 2026-07-05?,No,10,rn1_recent_trade,1783271919,2,0.875,1783271885
57488371231595931421550254045607277226081039796950823670514997853606939214030,Pittsburgh Pirates vs. Washington Nationals: O/U 9.5,Over,10,rn1_recent_trade,1783271919,2,0.50,1783271885
58664138920377286298435909359451311255009348547068747577434262600698735051911,Will Raja Club Athletic win on 2026-07-05?,No,10,rn1_recent_trade,1783271919,2,0.41,1783271885
6546516675002767490254359189580230609804945113621171043233765384104066020191,Will Raja Club Athletic win on 2026-07-05?,Yes,10,rn1_recent_trade_closed,1783271919,2,0.59,1783271885
67863502109946666853274868128006706737342495600951542527931264053207531393312,Pittsburgh Pirates vs. Washington Nationals: O/U 11.5,Under,10,rn1_recent_trade,1783271919,2,0.67,1783271885
71238358250240314409924134389553003870423277776927068887835142428177346758501,Brazil vs. Norway: Both Teams to Score,No,10,rn1_recent_trade,1783271918,3,0.385,1783271894
76791403327957934859335487045665592824535709171847186010800594254374327264582,Exact Score: Mexico 2 - 2 England?,No,10,rn1_recent_trade,1783271918,3,0.9515,1783271894
79199416770784037428491901084739436583932065719959214829804602911381785576799,Mexico vs. England: Both Teams to Score,No,10,rn1_recent_trade,1783271918,3,0.505,1783271894
79833019862182563110110623344677778135038686795308527033713860065173647864928,Quito: Matheus Pucinelli de Almeida vs Hernan Casanova,Hernan Casanova,10,rn1_recent_trade_closed,1783271919,2,0.445,1783271885
82128571443872218656236679511775434558453983205467833317925615596525629639234,Wimbledon ATP: Hubert Hurkacz vs Jan-Lennard Struff,Hubert Hurkacz,10,rn1_recent_trade,1783271919,2,0.925,1783271885
83372031210027520567414473979060856445921136672513713996631340609485301300763,Baltimore Orioles vs. Cincinnati Reds,Cincinnati Reds,10,rn1_recent_trade,1783271919,2,0.475,1783271885
83416745767116046345774749740035953488768882990234326717422430865288412974232,Wimbledon ATP: Hubert Hurkacz vs Jan-Lennard Struff,Jan-Lennard Struff,10,rn1_recent_trade_closed,1783271919,2,0.075,1783271885
86987493458715067789201279366200502695417293118809270565344514084547701701453,Mexico vs. England: Mexico O/U 2.5,Under,10,rn1_recent_trade_closed,1783271918,3,0.905,1783271894
88526906868857414633639013934136043419803722562598625772086388324635780644437,Pittsburgh Pirates vs. Washington Nationals: O/U 9.5,Under,10,rn1_recent_trade,1783271919,2,0.50,1783271885
89423782573140514723587631949593331105235300540562410108274370830430797760737,Wimbledon WTA: Belinda Bencic vs Coco Gauff,Coco Gauff,10,rn1_recent_trade,1783271919,2,0.495,1783271885
97101957729424515333078504426040125292641755618442384760468620536003426048142,Spread: Baltimore Orioles (-1.5),Baltimore Orioles,10,rn1_recent_trade_closed,1783271910,11,0.405,1783271885
97578927367345092917379017120327913782324310138001079612040744689219958733188,Will Brazil win on 2026-07-05?,No,10,rn1_recent_trade,1783271919,2,0.455,1783271894
99890043809023138856211492991323192664268937058741641065385030974601205472261,Minnesota Twins vs. New York Yankees: O/U 8.5,Over,10,rn1_recent_trade_closed,1783271919,2,0.465,1783271885
100822948280263389611027488934436522630572744435216064403085357428630367823006,Tampa Bay Rays vs. Boston Red Sox,Tampa Bay Rays,20,rn1_open_holding,1783271867,54,0.46,1783271885
102817745237795016646909369490574970396986713942888132502045241074483040329051,Arizona Diamondbacks vs. St. Louis Cardinals: O/U 9.5,Over,20,rn1_open_holding,1783271721,200,0.525,1783271885
109328202386095886972600541953568638524792696049207827227646268234029865418104,Boston Red Sox vs. New York Yankees: O/U 9.5,Under,20,rn1_open_holding,1783271826,95,0.65,1783271885
20900325813964862985642454766517086699715225132432892736806984159416875271701,Detroit Tigers vs. Cleveland Guardians: O/U 9.5,Under,20,rn1_open_holding,1783263302,8619,0.56,1783271885
33858802857945893001317385518284289046204202763488247469582949803342079609873,Boston Red Sox vs. New York Yankees: O/U 10.5,Under,20,rn1_open_holding,1783258138,13783,0.725,1783271885
37710965300940401002130076167900941123808478497926312022865628128768175585167,Boston Red Sox vs. New York Yankees,Boston Red Sox,20,rn1_open_holding,1783271826,95,0.505,1783271885
39832701545690665052464566361517180109721294037130531193336030291562909597078,Atlanta Braves vs. Chicago White Sox: O/U 8.5,Over,20,rn1_open_holding,1783271891,30,0.735,1783271885
44863670880550605751896761063028875611149757253801391236917332940538068989671,Arizona Diamondbacks vs. St. Louis Cardinals: O/U 8.5,Over,20,rn1_open_holding,1783271828,93,0.235,1783271885
46779723381704339196945414642157562369699423381301456693265473805729782194057,Arizona Diamondbacks vs. St. Louis Cardinals,Arizona Diamondbacks,20,rn1_open_holding,1783271815,106,0.54,1783271885
50758375613609205206722321143299691492416072642609722392299342065304974315278,Atlanta Braves vs. Chicago White Sox,Atlanta Braves,20,rn1_open_holding,1783271787,134,0.525,1783271885
55493613511176998081819315048480012158342616545272583543226066833035560810012,Boston Red Sox vs. New York Yankees: O/U 7.5,Under,20,rn1_open_holding,1783271879,42,0.575,1783271885
5896699598633116714020056796075028215404827881700347064018525836602350974551,Atlanta Braves vs. Chicago White Sox,Chicago White Sox,20,rn1_open_holding,1783271787,134,0.475,1783271885
64255192416223803782566477720245353555178582398343031312178158996467616070925,Spread: Boston Red Sox (-1.5),New York Yankees,20,rn1_open_holding,1783271779,142,0.745,1783271885
6717639513948672314777325379275055917033486352799749850924617039051853169358,Boston Red Sox vs. New York Yankees: O/U 10.5,Over,20,rn1_open_holding,1783258136,13785,0.275,1783271885
73474564211391953630981582946164850538866938915152946906783272888101030541319,San Francisco Giants vs. Atlanta Braves: O/U 7.5,Over,20,rn1_open_holding,1783271891,30,0.72,1783271885
76254409251359300101773180995111440089660082750584945296626585840776125503405,Tampa Bay Rays vs. Boston Red Sox,Boston Red Sox,20,rn1_open_holding,1783271867,54,0.54,1783271885
76411050114818173622082591399147308552927640081052157232695534490267968760333,Toronto Blue Jays vs. Chicago Cubs,Toronto Blue Jays,20,rn1_open_holding,1783271591,330,0.435,1783271885
77199321860612511397808904836318319472808691500639566938565237469034135093884,Boston Red Sox vs. New York Yankees: O/U 8.5,Over,20,rn1_open_holding,1783271699,222,0.31,1783271885
79304836036509228409967938239005199968619351350023475876399122113797544264537,Spread: New York Yankees (-1.5),Boston Red Sox,20,rn1_open_holding,1783271762,159,0.50,1783271885
92374654664183743604747369470609132370319600567702702962619405328379735719953,Spread: New York Yankees (-1.5),New York Yankees,20,rn1_open_holding,1783271762,159,0.50,1783271885
96836228201794844622945838043146844817568481033220546312063092006402562136679,Boston Red Sox vs. New York Yankees,New York Yankees,20,rn1_open_holding,1783271826,95,0.495,1783271885
9895097611697410479950333594702973431025230627336641447590897043720220092124,Boston Red Sox vs. New York Yankees: O/U 8.5,Under,20,rn1_open_holding,1783271699,222,0.69,1783271885
105654713241167797590254709131417748215287316658191010694033065067279349239377,Will Brazil win on 2026-07-05?,Yes,30,world_cup_keyword,1783271920,1,0.545,1783271894
105844734295575288257185771754511174244035005860415059405037425760007389471865,Brazil vs. Norway: Both Teams to Score,Yes,30,world_cup_keyword,1783271920,1,0.615,1783271894
28156364374342550546978910216854726989295625072697131344701901063736485037038,Will England win on 2026-07-05?,No,30,world_cup_keyword,1783271920,1,0.605,1783271894
63332580371134698667593922708614440584203480837493423385896730577676477084507,Will Norway win on 2026-07-05?,No,30,world_cup_keyword,1783271920,1,0.805,1783271894
90792654144911359496837874866211621977147933055686887812707611684794891043263,Mexico vs. England: Both Teams to Score,Yes,30,world_cup_keyword,1783271920,1,0.495,1783271894
107738532966090872977513177306688562435593315271320223404326795233147500428680,Mexico vs. England: Mexico O/U 2.5,Over,40,world_cup_market_type,1783271920,1,0.095,1783271894
110513522638295293638556367257231952882304993443123563168526486821292870588519,Brazil vs. Norway: Brazil O/U 0.5,Under,40,world_cup_market_type,1783271920,1,0.135,1783271894
113072399752980536518512103968053214847848659061114867044971562146978151403007,Exact Score: Mexico 2 - 2 England?,Yes,40,world_cup_market_type,1783271920,1,0.0485,1783271894
114009101994248487882262090660733880737890977014266109949631492807263609540775,Mexico vs. England: England O/U 1.5,Over,40,world_cup_market_type,1783271920,1,0.345,1783271894
2291750774192576197344440913463596564881206145267152350886975296763990714853,Mexico vs. England: Team to Advance,England,40,world_cup_market_type,1783271920,1,0.525,1783271894
34703655850152332475863940363219967010191001578695377291044073353854456469771,Brazil vs. Norway: O/U 4.5,Over,40,world_cup_market_type,1783271920,1,0.175,1783271894
54696457698401616509084525599395959255982881999229971665852496207099414629878,Exact Score: Mexico 1 - 2 England?,Yes,40,world_cup_market_type,1783271920,1,0.085,1783271894
58718286754184478781624834796038205226552330150981204330603874241964210785412,Exact Score: Brazil 2 - 1 Norway?,Yes,40,world_cup_market_type,1783271920,1,0.125,1783271894
