,wallet_label,token_id,question,outcome_label,buy_shares,sell_shares,buy_notional,sell_notional,total_notional,fills,net_shares,gross_shares,net_to_gross_ratio
0,Mind.The.Gap,101238961791599951615685057841199539507679732083288763835613798393210363728749,Canada vs. Morocco: Team to Advance,Morocco,49524.491388,554.99,44146.094555,471.7415,44617.836055,84,48969.501388000004,50079.481388,0.9778356330929184
1,Mind.The.Gap,102051736436656560797672629859737891705962543111476656351708851920203673046762,Will Morocco win on 2026-07-04?,Yes,11349.855383,10334.783927,7552.356154,8432.838218,15985.194372,10,1015.0714559999997,21684.63931,0.04681062209468679
2,Mind.The.Gap,102160917682664539054010256622493974769159216846456075685208964292484286267403,Will Canada vs. Morocco end in a draw?,Yes,21748.2,341.84,5522.24437,76.80700999999999,5599.05138,4,21406.36,22090.04,0.9690503050243457
3,Mind.The.Gap,10609662626498431851840947167646713641731799682558722152460847719580461702230,Canada vs. Morocco: Both Teams to Score,No,684.3900000000001,0.0,670.7022,0.0,670.7022,5,684.3900000000001,684.3900000000001,1.0
4,Mind.The.Gap,109563149597666284036383336521861145893423377854256145684923251785322144838234,Spread: Morocco (-1.5),Morocco,1646.049165,1646.03,346.96334599999994,1305.91582,1652.879166,9,0.019164999999929933,3292.079165,5.821548948058159e-06
5,Mind.The.Gap,11263816773062132614077322307882909551135079093893055759804813369043643400419,Will Canada win on 2026-07-04?,No,8119.645,4166.9,7905.85189,4162.60822,12068.46011,4,3952.745000000001,12286.545,0.321713305082918
6,Mind.The.Gap,26895713768902859572307099332179579216237114281062297113584226124720853329935,Spread: Morocco (-2.5),Morocco,1280.97021,0.0,678.676702,0.0,678.676702,6,1280.97021,1280.97021,1.0
7,Mind.The.Gap,42996203538860485282358738973883755617896397771907303376864680499165101300451,Canada vs. Morocco: O/U 0.5,Over,634.5625,0.0,533.0325,0.0,533.0325,5,634.5625,634.5625,1.0
8,Mind.The.Gap,50824321377710964921744720422284572418158281031478336435167731758953613423485,Canada vs. Morocco: O/U 1.5,Under,6248.65,0.0,3154.0555300000005,0.0,3154.05553,5,6248.65,6248.65,1.0
9,Mind.The.Gap,55920410518084961660947482181085666491550953052146626322159352002622133192050,Spread: Morocco (-1.5),Canada,1630.38807,169.99,384.77198200000004,133.52685,518.298832,5,1460.39807,1800.37807,0.8111618855699569
10,Mind.The.Gap,56292828273428899260365455682186850383967622513477170366683867650416440166282,Canada vs. Morocco: Team to Advance,Canada,7296.288458999999,7296.27,1651.921456,923.75886,2575.680316,17,0.018458999998983927,14592.558459,1.264959811594881e-06
11,Mind.The.Gap,60688539524393997069873883857924125728741268142754566736060452513865271992897,Canada vs. Morocco: O/U 2.5,Under,28719.55,0.0,24261.81154,0.0,24261.81154,21,28719.55,28719.55,1.0
12,Mind.The.Gap,65668323357092153659635952271884062785503105920888052743329065374587829550790,Will Morocco win on 2026-07-04?,No,36985.65,36985.64,18291.31125,8372.555,26663.86625,22,0.010000000002037268,73971.29000000001,1.3518758429165243e-07
13,Mind.The.Gap,71632223088728071164198560444876622481182650786367190732492573444308094933385,Will Canada vs. Morocco end in a draw?,No,4408.992421,935.8900000000001,3623.7394430000004,701.9175000000001,4325.656943,11,3473.1024209999996,5344.882421,0.6497995928505758
14,Mind.The.Gap,8920104249180949017043784547406683331617061867643812394376393493240474884812,Canada vs. Morocco: Both Teams to Score,Yes,21850.059404,21844.338479,8762.092299,8364.103636,17126.195935,27,5.7209250000014435,43694.397883,0.000130930400169841
15,Mind.The.Gap,92558617592610075024809620259581225959591222778250295886163453827086930306302,Canada vs. Morocco: O/U 2.5,Over,49914.43449500001,49914.388086,14831.316402999999,12824.414733,27655.731136,56,0.04640900000958936,99828.82258100001,4.648857795746675e-07
16,Mind.The.Gap,96116244500158894129614720792528379861054569399638069723975776943314550124383,Canada vs. Morocco: O/U 1.5,Over,8072.588685,7598.493920000002,6154.283822,3628.4077790000006,9782.691601,21,474.094764999998,15671.082605000001,0.03025284065880259
17,RN1,10021596800474611583847953276613904774040226915801163676529969705586326980594,Pittsburgh Pirates vs. Washington Nationals: O/U 10.5,Under,1381.344818,0.0,983.6138549999998,0.0,983.613855,18,1381.344818,1381.344818,1.0
18,RN1,101238961791599951615685057841199539507679732083288763835613798393210363728749,Canada vs. Morocco: Team to Advance,Morocco,43622.992516000006,0.0,34646.739325999995,0.0,34646.739326,45,43622.992516000006,43622.992516000006,1.0
19,RN1,101526365801834639790070577885124060839319791577756715864099059492879712335669,Spread: Canada (-2.5),Canada,4699.9895,0.0,9.399979,0.0,9.399979,1,4699.9895,4699.9895,1.0
20,RN1,102051736436656560797672629859737891705962543111476656351708851920203673046762,Will Morocco win on 2026-07-04?,Yes,113862.136779,0.0,79905.408677,0.0,79905.408677,207,113862.136779,113862.136779,1.0
21,RN1,102160917682664539054010256622493974769159216846456075685208964292484286267403,Will Canada vs. Morocco end in a draw?,Yes,20740.49063,0.0,3935.7762639999996,0.0,3935.776264,59,20740.49063,20740.49063,1.0
22,RN1,103286678066490288553804621472986167889449048739658388096619649226707845727713,Exact Score: Paraguay 1 - 0 France?,No,166.5625,0.0,162.23250000000002,0.0,162.23250000000002,2,166.5625,166.5625,1.0
23,RN1,105237847709298429437347196019111660046119220044271259370520358578409062836481,Canada vs. Morocco: O/U 0.5,Under,10394.294619000004,0.0,2797.0864600000004,0.0,2797.08646,46,10394.294619000004,10394.294619000004,1.0
24,RN1,105744255343649799224905990052636656876207699022811328140297219012336917895171,Quito: Samuel Heredia vs Matheus Pucinelli de Almeida,Matheus Pucinelli de Almeida,484.391303,0.0,372.981304,0.0,372.981304,1,484.391303,484.391303,1.0
25,RN1,10609662626498431851840947167646713641731799682558722152460847719580461702230,Canada vs. Morocco: Both Teams to Score,No,76872.261702,0.0,55345.724886,0.0,55345.724886,34,76872.261702,76872.261702,1.0
26,RN1,106964674653729841535913713722411749431404944366557602026383261061827609828001,Exact Score: Paraguay 2 - 0 France?,No,295.0,0.0,290.28,0.0,290.28,1,295.0,295.0,1.0
27,RN1,107509945179891730576690814548805381874985429825368905042759583990830244416842,Exact Score: Canada 3 - 2 Morocco?,No,782.0,0.0,775.744,0.0,775.744,1,782.0,782.0,1.0
28,RN1,107678834427131311529903503002845058071737502937601105313684556864510683013508,Exact Score: Canada 1 - 1 Morocco?,Yes,12226.276698,0.0,993.837407,0.0,993.837407,21,12226.276698,12226.276698,1.0
29,RN1,108932328424036769443529151579569917433073421997872491424809947602428377528963,Paraguay vs. France: O/U 3.5,Over,14366.140301,0.0,2773.045009,0.0,2773.045009,12,14366.140301,14366.140301,1.0
30,RN1,109563149597666284036383336521861145893423377854256145684923251785322144838234,Spread: Morocco (-1.5),Morocco,10557.66,0.0,3653.99388,0.0,3653.99388,6,10557.66,10557.66,1.0
31,RN1,111161642908398098947830978130281451414293991294485707199715180584489214684364,Canada vs. Morocco: 1st Half O/U 1.5,Under,122.777776,0.0,121.53953700000001,0.0,121.53953700000001,3,122.777776,122.777776,1.0
32,RN1,111308261490669211947092561664389142674925528733463801340249426215274066412400,Exact Score: Paraguay 0 - 0 France?,No,3574.8911459999995,0.0,3295.244663,0.0,3295.244663,10,3574.8911459999995,3574.8911459999995,1.0
33,RN1,111972548483158607730945914035299676644445297000183581861521030088279987794413,Wimbledon ATP: Grigor Dimitrov vs Matteo Berrettini,Grigor Dimitrov,9632.734094,0.0,6491.706017,0.0,6491.7060169999995,48,9632.734094,9632.734094,1.0
34,RN1,11263816773062132614077322307882909551135079093893055759804813369043643400419,Will Canada win on 2026-07-04?,No,61620.765908,0.0,53640.496203999995,0.0,53640.496204,149,61620.765908,61620.765908,1.0
35,RN1,113153831938675472473991416337748165225014885380771700309019427537348512609272,Canada vs. Morocco: O/U 4.5,Under,10355.250525000001,0.0,10293.129266000002,0.0,10293.129266,7,10355.250525000001,10355.250525000001,1.0
36,RN1,113682109108006880424027796796590126034948762897855121176264623098012369024930,Exact Score: Canada 3 - 1 Morocco?,Yes,3116.319332,0.0,18.521555999999997,0.0,18.521555999999997,5,3116.319332,3116.319332,1.0
37,RN1,113891226639705983282066963484423345278150974279743795316461155085208879415201,Will France win on 2026-07-04?,Yes,15906.273156000001,0.0,12856.658456999998,0.0,12856.658457,23,15906.273156000001,15906.273156000001,1.0
38,RN1,114942723362694568323488511770222146995871847123434385961754220508381172789472,Paraguay vs. France: France O/U 2.5,Under,6289.245153999999,0.0,3659.0084570000004,0.0,3659.008457,17,6289.245153999999,6289.245153999999,1.0
39,RN1,115267037369048657458215200404984267267938128650073249855813303477757048408771,Exact Score: Paraguay 1 - 3 France?,No,2704.141247,0.0,2506.434749,0.0,2506.434749,11,2704.141247,2704.141247,1.0
40,RN1,11589384810004534295479689104366457381207221028570124709152780999353398710771,Exact Score: Paraguay 2 - 3 France?,No,75.294116,0.0,74.014117,0.0,74.014117,1,75.294116,75.294116,1.0
41,RN1,1178735518974842401447317117246608529999437470551287210618432490951707415137,Paraguay vs. France: 1st Half O/U 1.5,Under,61480.851904,0.0,41245.347514000016,0.0,41245.347514,22,61480.851904,61480.851904,1.0
42,RN1,11885874521633279768623400955241921532847743337484077171122359169454454307938,Pittsburgh Pirates vs. Washington Nationals: O/U 9.5,Over,2092.0,0.0,627.6,0.0,627.6,1,2092.0,2092.0,1.0
43,RN1,1192727302358561848889573447456778428911169032004043183746614781277324520967,Paraguay vs. France: France O/U 2.5,Over,2809.41,0.0,877.067,0.0,877.067,4,2809.41,2809.41,1.0
44,RN1,12392692711412120981784453932758829678206566197234030614093476524250966477982,Exact Score: Canada 0 - 3 Morocco?,Yes,122.22999999999999,0.0,9.89513,0.0,9.89513,6,122.22999999999999,122.22999999999999,1.0
45,RN1,12502603963557344262690313821651004140493591042365218402952297516338760610881,Paraguay vs. France: Both Teams to Score,No,15321.727686000002,0.0,9246.076091,0.0,9246.076091,17,15321.727686000002,15321.727686000002,1.0
46,RN1,14452597772052230551249243515531742217562090673858193567491140016918071884438,Paraguay vs. France: Draw at halftime?,Yes,34.09,0.0,19.403,0.0,19.403,2,34.09,34.09,1.0
47,RN1,14537136329493216412628462941476849888296106688213182717271705201625547940647,Exact Score: Canada 0 - 3 Morocco?,No,4020.284923,0.0,3870.680983,0.0,3870.680983,15,4020.284923,4020.284923,1.0
48,RN1,154655120518508319492071566057404025147019624115170579848662777561531781084,Exact Score: Canada 3 - 3 Morocco?,No,373.4,0.0,373.0266,0.0,373.0266,1,373.4,373.4,1.0
49,RN1,15709951702075154793218306134295394689373201177682625634009941452881490110881,Will Shanghai Haigang FC win on 2026-07-04?,Yes,5.0,0.0,2.05,0.0,2.05,1,5.0,5.0,1.0
50,RN1,16308593678662201012511056620464852726748687349854381251857035004020779872566,Paraguay vs. France: France O/U 1.5,Over,150.0,0.0,100.5,0.0,100.5,1,150.0,150.0,1.0
51,RN1,16695730009890723494710144007809229185745901859558797786251064027983805867065,Exact Score: Canada 0 - 1 Morocco?,No,8463.82841,0.0,5622.974458,0.0,5622.974458,113,8463.82841,8463.82841,1.0
52,RN1,17421609939809540866955500253492367723952650870757817589183399309281670739857,Exact Score: Canada 3 - 2 Morocco?,Yes,782.0,0.0,2.346,0.0,2.346,2,782.0,782.0,1.0
53,RN1,17847832277451017432484241361534460347295499000687065942196625002421084427902,Exact Score: Canada 2 - 0 Morocco?,No,3415.708803,0.0,3287.417896,0.0,3287.417896,7,3415.708803,3415.708803,1.0
54,RN1,18102014844672398396612857231117679790630569051690585153230519501503206445960,Paraguay leading at halftime?,No,8539.755591,0.0,8171.361597999998,0.0,8171.361598,13,8539.755591,8539.755591,1.0
55,RN1,1824590714005667434220065818064018075857739087427742513156074660235442062605,Toronto Blue Jays vs. Seattle Mariners: O/U 7.5,Over,2578.8341459999997,0.0,926.1911789999999,0.0,926.191179,10,2578.8341459999997,2578.8341459999997,1.0
56,RN1,18404725068695516786702249650620448946615217717654660733763393547312310762195,Paraguay vs. France: 1st Half O/U 0.5,Over,29685.811801999997,0.0,14742.879621,0.0,14742.879621,38,29685.811801999997,29685.811801999997,1.0
57,RN1,1996140398543278758228629946415453513365774367428917096049064214344910391014,Exact Score: Canada 1 - 0 Morocco?,No,4716.368232,0.0,3971.4555840000003,0.0,3971.455584,26,4716.368232,4716.368232,1.0
58,RN1,20482855091620181376363423373816347541336681082369014762166611637141533316129,Spread: France (-1.5),Paraguay,61061.62999800001,0.0,26857.919244999997,0.0,26857.919245,86,61061.62999800001,61061.62999800001,1.0
59,RN1,20572271143905363739769009174376071134968979053749587517249653617426944665893,Exact Score: Canada 0 - 2 Morocco?,Yes,8644.169041,0.0,6464.242665,0.0,6464.242665,61,8644.169041,8644.169041,1.0
60,RN1,20750615321298371435771711011448133448743671070163766999225573342620362491557,Paraguay vs. France: O/U 2.5,Under,14473.260570999997,0.0,7906.103617,0.0,7906.103617,58,14473.260570999997,14473.260570999997,1.0
61,RN1,21003556192144919375774622614831987692873521314901182152440818799800026582812,Paraguay vs. France: O/U 1.5,Over,17897.120446999998,0.0,13657.098521999998,0.0,13657.098522,11,17897.120446999998,17897.120446999998,1.0
62,RN1,21768823063425705834344898922772041926865204761442619231134822499901743767561,Will France win on 2026-07-04?,No,8775.988145,0.0,1711.317748,0.0,1711.317748,7,8775.988145,8775.988145,1.0
63,RN1,22574033557479727232684177925599885591442189795867764109586668132624383402779,Canada vs. Morocco: Canada O/U 2.5,Under,18554.0,0.0,18145.728,0.0,18145.728,6,18554.0,18554.0,1.0
64,RN1,24230251396044528501979620091877508313113908803535913894755163787312733286017,Will Beijing Guoan FC win on 2026-07-04?,Yes,23.255812,0.0,13.255813,0.0,13.255813,1,23.255812,23.255812,1.0
65,RN1,2524061981635398457766998446757701816337412600356105730587329958815271899570,Paraguay vs. France: O/U 6.5,Under,4573.333332,0.0,4532.173333,0.0,4532.173333,1,4573.333332,4573.333332,1.0
66,RN1,26080870624122259633890510176077042795008150807691589226821582617783978723079,Spread: France (-2.5),Paraguay,95.148955,0.0,63.692659,0.0,63.692659,5,95.148955,95.148955,1.0
67,RN1,2653285650730069371897133527695311034463738192851615507090506539982485879816,Toronto Blue Jays vs. Seattle Mariners,Seattle Mariners,5660.453332,0.0,4256.376813,0.0,4256.376813,14,5660.453332,5660.453332,1.0
68,RN1,26895713768902859572307099332179579216237114281062297113584226124720853329935,Spread: Morocco (-2.5),Morocco,17355.701999999997,0.0,394.66031000000004,0.0,394.66031000000004,8,17355.701999999997,17355.701999999997,1.0
69,RN1,27776521898513531479368205340917221397038487959472907816819067763897945140843,Canada vs. Morocco: Draw at halftime?,Yes,314.13,0.0,301.38669999999996,0.0,301.38669999999996,6,314.13,314.13,1.0
70,RN1,28449484811219621875932275507921336830930167103245979289503805508327954562888,Paraguay vs. France: France O/U 0.5,Over,4305.88,0.0,3961.4096,0.0,3961.4096,3,4305.88,4305.88,1.0
71,RN1,30649231830422683831551774801045673383063206089219620441843620568566718995722,Wimbledon ATP: Zizou Bergs vs Arthur Fery,Arthur Fery,10.92,0.0,4.83756,0.0,4.83756,2,10.92,10.92,1.0
72,RN1,31038908195142167614664400537596872422132480344982761758511498924474589525521,France leading at halftime?,Yes,75069.93723899999,0.0,37694.530856,0.0,37694.530856,45,75069.93723899999,75069.93723899999,1.0
73,RN1,31154355642611227701222141115208273042464517612741608844692380262085835808587,France leading at halftime?,No,58421.925128,0.0,27403.19376,0.0,27403.193760000002,112,58421.925128,58421.925128,1.0
74,RN1,31246751777309327054837731878037520541776738112006758382821715244728162092472,Exact Score: Paraguay 1 - 2 France?,No,9424.068855999998,0.0,8587.843700000001,0.0,8587.843700000001,32,9424.068855999998,9424.068855999998,1.0
75,RN1,31292842804621552685080710635481150509566506621131636432949831366602181113978,Paraguay vs. France: Team to Advance,France,1417.67,0.0,1290.0797,0.0,1290.0797,1,1417.67,1417.67,1.0
76,RN1,31307193838868775164605761248469504056952639938744991980169462404087039704273,Wimbledon ATP: Zizou Bergs vs Arthur Fery,Zizou Bergs,26.38,0.0,14.87832,0.0,14.87832,1,26.38,26.38,1.0
77,RN1,31417086793621618856375843019375911197263762401099748909581852860838334314880,Paraguay vs. France: O/U 4.5,Over,8034.66,0.0,758.7860000000001,0.0,758.7860000000001,2,8034.66,8034.66,1.0
78,RN1,31840584116415909260077911079726591724065597966864491928760580867904637514068,Paraguay vs. France: France O/U 0.5,Under,323.749407,0.0,23.749415,0.0,23.749415,2,323.749407,323.749407,1.0
79,RN1,32264965155253839525730975712869361705388881506779825276941486822523079572280,Canada vs. Morocco: Morocco O/U 1.5,Under,1743.320585,0.0,1446.956087,0.0,1446.956087,3,1743.320585,1743.320585,1.0
80,RN1,33273656523310658385604628273683952051264933161377051215866332730972461652012,Wimbledon ATP: Grigor Dimitrov vs Matteo Berrettini,Matteo Berrettini,24774.828995,0.0,10766.646825,0.0,10766.646825,34,24774.828995,24774.828995,1.0
81,RN1,34010156798668660072846095063156120676792058629058900450653997418737616077704,Exact Score: Canada 0 - 0 Morocco?,No,1238.8736720000002,0.0,863.588976,0.0,863.588976,7,1238.8736720000002,1238.8736720000002,1.0
82,RN1,35371420051097980571529391020191940963108890582721510726130912008018851448702,Exact Score: Paraguay 0 - 1 France?,No,1392.209529,0.0,1146.0381380000001,0.0,1146.038138,14,1392.209529,1392.209529,1.0
83,RN1,36004372491427599817441316225161037536519877865238471959767538801075253992717,Exact Score: Canada 2 - 1 Morocco?,No,1629.1265290000001,0.0,1566.09133,0.0,1566.09133,4,1629.1265290000001,1629.1265290000001,1.0
84,RN1,36054656021254014463764765072865834877017369647568704042024652214155964558776,Exact Score: Canada 2 - 2 Morocco?,No,589.6428559999999,0.0,582.702857,0.0,582.702857,2,589.6428559999999,589.6428559999999,1.0
85,RN1,36445271270237756321894721610612972048230888657968549645623936509391547471704,Paraguay vs. France: 1st Half O/U 2.5,Under,5040.2,0.0,4940.389999999999,0.0,4940.389999999999,3,5040.2,5040.2,1.0
86,RN1,3651745572886390686361185784362030812008352157082960896155953796481046303802,Paraguay vs. France: Paraguay O/U 2.5,Over,8956.285,0.0,71.65028000000001,0.0,71.65028,6,8956.285,8956.285,1.0
87,RN1,37784314320367357388314558774475189905405949796711430141825364706746501854725,Exact Score: Canada 2 - 2 Morocco?,Yes,820.4110900000001,0.0,10.215522,0.0,10.215522,5,820.4110900000001,820.4110900000001,1.0
88,RN1,38799735782942997010258413982163294914265852434730143680763268935472863722364,Exact Score: Canada 1 - 1 Morocco?,No,3736.53969,0.0,2859.099714,0.0,2859.099714,29,3736.53969,3736.53969,1.0
89,RN1,39829420117533150550184846325805706216027544339731400040170885335796384867455,Will Canada win on 2026-07-04?,Yes,53548.089293,0.0,5393.031836,0.0,5393.031836,86,53548.089293,53548.089293,1.0
90,RN1,42996203538860485282358738973883755617896397771907303376864680499165101300451,Canada vs. Morocco: O/U 0.5,Over,8912.814041,0.0,6328.435243000001,0.0,6328.435243,4,8912.814041,8912.814041,1.0
91,RN1,43206349733795320404561682906083340686502197494152995596556037060237152808546,Will Paraguay win on 2026-07-04?,No,28705.223552,0.0,27436.249581,0.0,27436.249581,119,28705.223552,28705.223552,1.0
92,RN1,44257241900175800751939097612366241689764542270014584779223157791564552987319,Exact Score: Paraguay 0 - 3 France?,Yes,2252.977,0.0,292.88701000000003,0.0,292.88701000000003,4,2252.977,2252.977,1.0
93,RN1,44353541701084544889177113541500218254300148899068336004233494664585979186587,Spread: Detroit Tigers (-1.5),Detroit Tigers,940.89,0.0,649.2141,0.0,649.2141,1,940.89,940.89,1.0
94,RN1,44803322121372600829211703698408700588466968734104400001986336283612036539752,Exact Score: Paraguay 1 - 1 France?,Yes,115.02,0.0,7.70634,0.0,7.70634,1,115.02,115.02,1.0
95,RN1,46583164088552628109006406225347745689461921407583150295364128401681303855693,Will Paraguay vs. France end in a draw?,Yes,5663.057611,0.0,998.4692179999998,0.0,998.469218,12,5663.057611,5663.057611,1.0
96,RN1,46762777272886277092060027756070560996130352019527424549360135758274606167869,Paraguay vs. France: Paraguay O/U 2.5,Under,625.0,0.0,620.0,0.0,620.0,1,625.0,625.0,1.0
97,RN1,46789911925202689685168733809926497387761702965104942018421365628502659183320,Canada vs. Morocco: O/U 3.5,Under,22711.215066,0.0,21704.58362,0.0,21704.58362,21,22711.215066,22711.215066,1.0
98,RN1,47079195437486623568073733372189649540796094022294759531270286119869124805090,Wimbledon ATP: Frances Tiafoe vs Alexander Bublik,Frances Tiafoe,98501.323726,0.0,43431.386114,0.0,43431.386114,158,98501.323726,98501.323726,1.0
99,RN1,47523359566599688529868130218766383548069667599339805725973075967987878581565,Spread: France (-1.5),France,55087.93815500001,0.0,29882.490507999995,0.0,29882.490508,32,55087.93815500001,55087.93815500001,1.0
100,RN1,49581119857095769898709261286188827811051119993473639878340350659508041554997,Wimbledon WTA: Liudmila Samsonova vs Marie Bouzkova,Marie Bouzkova,61.66,0.0,20.9644,0.0,20.9644,1,61.66,61.66,1.0
101,RN1,50171406964679500706317840638231885886757432654921300229569346029386303809313,Exact Score: Canada 1 - 3 Morocco?,No,779.75,0.0,771.6110000000001,0.0,771.6110000000001,2,779.75,779.75,1.0
102,RN1,50824321377710964921744720422284572418158281031478336435167731758953613423485,Canada vs. Morocco: O/U 1.5,Under,40191.664706,0.0,18967.732765999997,0.0,18967.732766,84,40191.664706,40191.664706,1.0
103,RN1,50974834899476993543807241196769885927448705821766282663033691717596318889682,Spread: France (-2.5),France,23053.949306000002,0.0,7100.698314,0.0,7100.698314,17,23053.949306000002,23053.949306000002,1.0
104,RN1,52071782462468873771845763053526838157474679154027960578775367045025103555530,Wimbledon WTA: Emma Navarro vs Marta Kostyuk,Emma Navarro,349.943658,0.0,101.483661,0.0,101.483661,1,349.943658,349.943658,1.0
105,RN1,53338133086294047225476368982160040852321573980678224921653172131529827845119,Exact Score: Canada 2 - 3 Morocco?,No,959.42857,0.0,953.448571,0.0,953.448571,5,959.42857,959.42857,1.0
106,RN1,53850543449954319258830021596635472306701104640080847905103517678613649532150,Paraguay vs. France: Team to Advance,Paraguay,15230.206626,0.0,1195.354464,0.0,1195.354464,9,15230.206626,15230.206626,1.0
107,RN1,53982070612060940317822023243062427267151360599914152415087227562594547781738,Paraguay vs. France: O/U 6.5,Over,4637.2020410000005,0.0,46.372102000000005,0.0,46.372102000000005,4,4637.2020410000005,4637.2020410000005,1.0
108,RN1,54942794805780398938471515451240554956679313074933501606699297304029312241013,Spread: Canada (-1.5),Canada,80.32,0.0,0.5879,0.0,0.5879,2,80.32,80.32,1.0
109,RN1,55176479760999871576955526417004581734443131873209795645893297767821754893190,Minnesota Twins vs. New York Yankees,Minnesota Twins,628.505036,0.0,424.96644499999996,0.0,424.966445,15,628.505036,628.505036,1.0
110,RN1,55527057073354431016613539322447476515250657989588501111701319958475813452255,Canada vs. Morocco: O/U 3.5,Over,44440.951616,0.0,2619.213274,0.0,2619.213274,44,44440.951616,44440.951616,1.0
111,RN1,55669177104213086410609258473030278150313428281140298294302693704677819688547,Paraguay vs. France: O/U 3.5,Under,13286.263156,0.0,9434.773157,0.0,9434.773157,4,13286.263156,13286.263156,1.0
112,RN1,55920410518084961660947482181085666491550953052146626322159352002622133192050,Spread: Morocco (-1.5),Canada,34011.022039,0.0,22346.939501999997,0.0,22346.939502,39,34011.022039,34011.022039,1.0
113,RN1,55991319597665125182916471491631502579824361829744744160986499885057988396993,Paraguay vs. France: O/U 5.5,Under,4898.8475,0.0,4743.21835,0.0,4743.21835,4,4898.8475,4898.8475,1.0
114,RN1,56292828273428899260365455682186850383967622513477170366683867650416440166282,Canada vs. Morocco: Team to Advance,Canada,82565.85104699999,0.0,16383.089323999999,0.0,16383.089324,91,82565.85104699999,82565.85104699999,1.0
115,RN1,56827100484696464295258016877967085212544260930925987277850330632126944317645,Canada vs. Morocco: O/U 5.5,Over,13590.0,0.0,40.769999999999996,0.0,40.769999999999996,3,13590.0,13590.0,1.0
116,RN1,57193392355460061619592829060341022068959297852123714182024455341771304882767,Morocco leading at halftime?,Yes,6456.375793000001,0.0,400.47394799999995,0.0,400.473948,12,6456.375793000001,6456.375793000001,1.0
117,RN1,57822021897969554856172041003897906317256928701009800006822886122985244611546,Toronto Blue Jays vs. Seattle Mariners,Toronto Blue Jays,5829.65135,0.0,1448.4509110000001,0.0,1448.450911,5,5829.65135,5829.65135,1.0
118,RN1,57930102683433250075457413118893558792602979960386065251172552716781072751256,Exact Score: Canada 0 - 2 Morocco?,No,42586.905868999995,0.0,19254.868931,0.0,19254.868931,185,42586.905868999995,42586.905868999995,1.0
119,RN1,59160054752942111017781272081973573902395600346782307750739439915345277215099,Paraguay vs. France: 1st Half O/U 1.5,Over,31711.604425,0.0,7213.104292,0.0,7213.104292,43,31711.604425,31711.604425,1.0
120,RN1,59228419522118921740322073257400202560207901520600197934079200999523862262784,Canada vs. Morocco: 1st Half O/U 0.5,Over,31557.625624999997,0.0,3434.0648990000004,0.0,3434.064899,78,31557.625624999997,31557.625624999997,1.0
121,RN1,5986488984275762288846227630442187818951318412322984320385279750603889532502,Will Paraguay win on 2026-07-04?,Yes,55221.22194300001,0.0,2390.3395600000003,0.0,2390.33956,60,55221.22194300001,55221.22194300001,1.0
122,RN1,60371674557029625116487470212503274329789207533301082482212213441845022072733,Pittsburgh Pirates vs. Washington Nationals: O/U 9.5,Under,6.083332,0.0,3.923333,0.0,3.923333,2,6.083332,6.083332,1.0
123,RN1,60688539524393997069873883857924125728741268142754566736060452513865271992897,Canada vs. Morocco: O/U 2.5,Under,61121.80704,0.0,48596.753276999996,0.0,48596.753276999996,40,61121.80704,61121.80704,1.0
124,RN1,61221511906668985742640948178283850907448448165552847270885589742857910216401,Exact Score: Paraguay 0 - 0 France?,Yes,862.96,0.0,64.83546,0.0,64.83546,3,862.96,862.96,1.0
125,RN1,61529988878285946086829603393951665099542368147365583440135370864277285943488,Canada vs. Morocco: Morocco O/U 2.5,Over,850.0,0.0,73.72079,0.0,73.72079,2,850.0,850.0,1.0
126,RN1,61878248249308094584951528981824894101578033179179022795290599560377796856930,Paraguay vs. France: 1st Half O/U 0.5,Under,12622.531343999997,0.0,6361.310263,0.0,6361.310263,41,12622.531343999997,12622.531343999997,1.0
127,RN1,61956596667330249513830031723434717646586942722121037061330878359712119306402,Canada leading at halftime?,No,8061.088479,0.0,7409.169483,0.0,7409.169483,6,8061.088479,8061.088479,1.0
128,RN1,62109995893376590411570363703089356287262239641590130483407138546415846621122,Paraguay vs. France: O/U 2.5,Over,24898.331278999998,0.0,11918.885681,0.0,11918.885681,8,24898.331278999998,24898.331278999998,1.0
129,RN1,62406888080197439863278757881313776122863805423202693545387426675246831351483,Detroit Tigers vs. Texas Rangers: O/U 8.5,Over,166.90625,0.0,113.49625,0.0,113.49625,2,166.90625,166.90625,1.0
130,RN1,65668323357092153659635952271884062785503105920888052743329065374587829550790,Will Morocco win on 2026-07-04?,No,90838.58525900001,0.0,31428.263772,0.0,31428.263772,178,90838.58525900001,90838.58525900001,1.0
131,RN1,66223776699043335563776505320054595596466404195053961420506866958973467712677,Canada vs. Morocco: Draw at halftime?,No,3405.592292,0.0,592.242016,0.0,592.242016,9,3405.592292,3405.592292,1.0
132,RN1,66434839387691532038575381528752597947477014814622923674814621770277806752811,Quito: Samuel Heredia vs Matheus Pucinelli de Almeida,Samuel Heredia,1.12359,0.0,0.123595,0.0,0.123595,1,1.12359,1.12359,1.0
133,RN1,67854345526031708682007007697553991601942929401132696342936212906952057836769,Exact Score: Canada 1 - 2 Morocco?,Yes,2854.0600000000004,0.0,298.93718,0.0,298.93718,30,2854.0600000000004,2854.0600000000004,1.0
134,RN1,69409269810971756572135474605694774433368912850915658758245082212452442954853,Paraguay vs. France: France O/U 1.5,Under,1338.5158460000002,0.0,526.3850520000001,0.0,526.3850520000001,7,1338.5158460000002,1338.5158460000002,1.0
135,RN1,69691931242690478001326156415352415782615627515862298627641728495614545305253,Wimbledon ATP: Alex de Minaur vs Zachary Svajda,Alex de Minaur,1.574802,0.0,1.374803,0.0,1.374803,1,1.574802,1.574802,1.0
136,RN1,70110002328775936834822403369481063966324625589426322066890910538423445727229,Paraguay vs. France: O/U 0.5,Under,1160.847953,0.0,72.861439,0.0,72.861439,6,1160.847953,1160.847953,1.0
137,RN1,71197424862380864838573032353937753852231671233714499135314946267200408921148,Paraguay leading at halftime?,Yes,4700.0,0.0,188.0,0.0,188.0,1,4700.0,4700.0,1.0
138,RN1,71632223088728071164198560444876622481182650786367190732492573444308094933385,Will Canada vs. Morocco end in a draw?,No,44938.02091299999,0.0,40154.026684000004,0.0,40154.026684,34,44938.02091299999,44938.02091299999,1.0
139,RN1,7205289981143850979995161141689912958651295718176299540723444457044093259805,Canada leading at halftime?,Yes,45.71,0.0,3.6567999999999996,0.0,3.6567999999999996,2,45.71,45.71,1.0
140,RN1,73526987366272547338921353506756920868365985985677746134763073517294779721893,Wimbledon WTA: Emma Navarro vs Marta Kostyuk,Marta Kostyuk,697.076922,0.0,515.836923,0.0,515.836923,1,697.076922,697.076922,1.0
141,RN1,73706049451962194767909208240442024684952434525931777661867538971896631929874,Exact Score: Canada 1 - 0 Morocco?,Yes,148.89999999999998,0.0,20.846,0.0,20.846,6,148.89999999999998,148.89999999999998,1.0
142,RN1,73815955277334698565944380751968678433856587469443951348676966611127683215963,Liaoning Tieren FC vs. Chongqing Tonglianglong FC: O/U 2.5,Over,15.0,0.0,6.409619999999999,0.0,6.409619999999999,1,15.0,15.0,1.0
143,RN1,73857401444438674665504240109552814718343715658679403014530436738792456700545,Exact Score: Canada 1 - 2 Morocco?,No,13380.166602,0.0,11858.457728000001,0.0,11858.457728,56,13380.166602,13380.166602,1.0
144,RN1,76310829870437093420871519393771884743551121760931012561797513228569177743911,Exact Score: Canada 0 - 0 Morocco?,Yes,62.634868000000004,0.0,16.721671,0.0,16.721671,2,62.634868000000004,62.634868000000004,1.0
145,RN1,77932061662699145926553990540307681940646874096111706639726279327615061772993,Wimbledon ATP: Frances Tiafoe vs Alexander Bublik,Alexander Bublik,76246.70393500001,0.0,46304.769672999995,0.0,46304.769673,60,76246.70393500001,76246.70393500001,1.0
146,RN1,78231809302880482018753359736859523079365378375558276897798419393531550288936,Morocco leading at halftime?,No,14811.282662,0.0,13919.475115,0.0,13919.475115,18,14811.282662,14811.282662,1.0
147,RN1,79104985989379585760106406509583355251251741959745638027696438174054419659694,Exact Score: Canada 3 - 3 Morocco?,Yes,1563.991,0.0,3.127982,0.0,3.127982,5,1563.991,1563.991,1.0
148,RN1,79459290108508813221587263474415508166981788584547658676588715778394881402387,Paraguay vs. France: Both Teams to Score,Yes,13754.304392000002,0.0,4230.671401000001,0.0,4230.671401,14,13754.304392000002,13754.304392000002,1.0
149,RN1,79481933683995790397808921235737232870251729429638902436601200312159772849373,Paraguay vs. France: O/U 4.5,Under,35.25,0.0,31.02,0.0,31.02,1,35.25,35.25,1.0
150,RN1,81645990641047097551697944360524435927397258122893349674108788404686639185709,Paraguay vs. France: O/U 5.5,Over,4930.344323,0.0,108.945985,0.0,108.945985,4,4930.344323,4930.344323,1.0
151,RN1,81990441143965995787933075588649686316877974637646137606886527009807513123431,Detroit Tigers vs. Texas Rangers,Texas Rangers,528.7582160000001,0.0,95.29542799999999,0.0,95.29542799999999,17,528.7582160000001,528.7582160000001,1.0
152,RN1,82581305583165445250282846436169037266934687407169553604124129186184234934932,Canada vs. Morocco: Canada O/U 1.5,Under,11431.916665,0.0,11060.916666000001,0.0,11060.916666000001,4,11431.916665,11431.916665,1.0
153,RN1,83154521506631446185725680346120902858642328202486262701979519208550175520308,Minnesota Twins vs. New York Yankees,New York Yankees,187.628927,0.0,73.59893,0.0,73.59893,5,187.628927,187.628927,1.0
154,RN1,83220127321873533198184356929379327828655671031900292943128764143512792492895,Detroit Tigers vs. Texas Rangers,Detroit Tigers,7935.222271000001,0.0,5905.521774,0.0,5905.521774000001,15,7935.222271000001,7935.222271000001,1.0
155,RN1,83714513562927395168897154209568915282216703605610486213299164797013407612220,Paraguay vs. France: 1st Half O/U 2.5,Over,12766.011187,0.0,1026.612953,0.0,1026.612953,15,12766.011187,12766.011187,1.0
156,RN1,86446590684263389984735757571445537437808901179603198703006879927326729514834,Canada vs. Morocco: O/U 4.5,Over,15708.511373,0.0,178.769207,0.0,178.769207,13,15708.511373,15708.511373,1.0
157,RN1,88745281657570647211467394150431720197787708232855080042016182159959925211465,Exact Score: Paraguay 2 - 0 France?,Yes,541.21,0.0,2.4060499999999996,0.0,2.40605,6,541.21,541.21,1.0
158,RN1,8920104249180949017043784547406683331617061867643812394376393493240474884812,Canada vs. Morocco: Both Teams to Score,Yes,57217.020777,0.0,15180.375779,0.0,15180.375779,140,57217.020777,57217.020777,1.0
159,RN1,8938773315584451636284605290161771419827784089109361329453132464215102754519,Spread: Canada (-1.5),Morocco,5098.344155,0.0,4832.108089,0.0,4832.108089,13,5098.344155,5098.344155,1.0
160,RN1,89487886876573798452176276697174952677087752893391829861818541740757034484068,Exact Score: Paraguay 2 - 2 France?,No,1020.347356,0.0,992.1424099999999,0.0,992.14241,6,1020.347356,1020.347356,1.0
161,RN1,89565462811586576469181739505923703849233166823230972095099714271256085338091,Canada vs. Morocco: 1st Half O/U 0.5,Under,5412.236967,0.0,5090.482969,0.0,5090.482969,14,5412.236967,5412.236967,1.0
162,RN1,89619733853600214155335419574787423331115008821678889199230689088451948402138,Exact Score: Canada 2 - 1 Morocco?,Yes,945.28,0.0,31.925240000000002,0.0,31.925240000000002,3,945.28,945.28,1.0
163,RN1,8963907017582457712347647311643106183252917660738419483181983014657152970904,Exact Score: Canada 0 - 1 Morocco?,Yes,5712.070815,0.0,2330.449716,0.0,2330.449716,36,5712.070815,5712.070815,1.0
164,RN1,90014508754360062707842316614646706933929611822383861836108088305980738936006,Canada vs. Morocco: Morocco O/U 0.5,Under,14041.900876,0.0,6226.806377,0.0,6226.806377,5,14041.900876,14041.900876,1.0
165,RN1,90876581743969060810659674768686680752277196215922935183144709215636003841937,Detroit Tigers vs. Texas Rangers: O/U 8.5,Under,114.600768,0.0,67.77450900000001,0.0,67.774509,5,114.600768,114.600768,1.0
166,RN1,92558617592610075024809620259581225959591222778250295886163453827086930306302,Canada vs. Morocco: O/U 2.5,Over,137394.140563,0.0,35747.208526999995,0.0,35747.208527,193,137394.140563,137394.140563,1.0
167,RN1,93810353214954178940425965647012239129677218934849713778923739584062466379189,Exact Score: Canada 3 - 1 Morocco?,No,925.7142819999999,0.0,912.754284,0.0,912.754284,2,925.7142819999999,925.7142819999999,1.0
168,RN1,93874081857253639178898021604519552839001679634405453013536082158783934343071,Paraguay vs. France: Draw at halftime?,No,2803.2312760000004,0.0,1326.0160950000002,0.0,1326.016095,19,2803.2312760000004,2803.2312760000004,1.0
169,RN1,94452103968635842280117969595911408931171906437356247111944989707288891072164,Exact Score: Paraguay 0 - 3 France?,No,1031.7014149999998,0.0,887.263224,0.0,887.263224,14,1031.7014149999998,1031.7014149999998,1.0
170,RN1,95182777344595475043422960611010971868057061754103584777685776632745147808833,Canada vs. Morocco: Canada O/U 2.5,Over,20.263384,0.0,0.263424,0.0,0.263424,1,20.263384,20.263384,1.0
171,RN1,9565165760288801918102498503600469932249145861743408770092595451525049724661,Spread: Seattle Mariners (-1.5),Toronto Blue Jays,21.22,0.0,2.207,0.0,2.207,2,21.22,21.22,1.0
172,RN1,96116244500158894129614720792528379861054569399638069723975776943314550124383,Canada vs. Morocco: O/U 1.5,Over,98340.98921999997,0.0,53952.867544999994,0.0,53952.867545,124,98340.98921999997,98340.98921999997,1.0
173,RN1,96920404895957149864295866381978404444368206549030023714686364747926358551318,Exact Score: Paraguay 1 - 1 France?,No,2281.897563,0.0,2106.9106939999997,0.0,2106.910694,4,2281.897563,2281.897563,1.0
174,RN1,97030267761010054658145325001804266098334544430480523630524546563460712877081,Spread: Morocco (-2.5),Canada,19350.470945,0.0,18987.879427,0.0,18987.879427,13,19350.470945,19350.470945,1.0
175,RN1,97300704324509360159410663023731717955165171299039921619748260703973681745948,Exact Score: Paraguay 0 - 2 France?,No,796.858685,0.0,623.218295,0.0,623.218295,11,796.858685,796.858685,1.0
176,RN1,98550112018189929804021833059335205050998087270207058353012628130079550801305,Canada vs. Morocco: Canada O/U 0.5,Over,267.58,0.0,64.2192,0.0,64.2192,1,267.58,267.58,1.0
177,RN1,99286149817318567767451861229686424899608858663863135624950016348707831065914,Spread: Paraguay (-1.5),Paraguay,4358.0,0.0,26.148,0.0,26.148,1,4358.0,4358.0,1.0
178,RN1,99792866036005058658437227017757848412905207107265222332609082005571381147480,Paraguay vs. France: O/U 1.5,Under,3618.5005119999996,0.0,891.1737410000001,0.0,891.1737410000001,31,3618.5005119999996,3618.5005119999996,1.0
