,wallet_label,question,outcome_label,token_id,fills,net_shares,gross_shares,notional,estimated_edge_usdc,first_trade,last_trade,maker_fills,taker_fills,unenriched_fills,buy_fills,sell_fills,weighted_avg_price,edge_bps
0,Mind.The.Gap,Canada vs. Morocco: Both Teams to Score,No,10609662626498431851840947167646713641731799682558722152460847719580461702230,5,684.39,684.39,670.7,0.0,2026-07-04 19:01:49,2026-07-04 19:01:56,5,0,0,5,0,0.98,0.0
1,Mind.The.Gap,Canada vs. Morocco: Both Teams to Score,Yes,8920104249180949017043784547406683331617061867643812394376393493240474884812,27,5.72,43694.4,17126.2,-1301.62,2026-07-04 18:13:29,2026-07-04 18:43:44,23,4,0,18,9,0.3918,-760.02
2,Mind.The.Gap,Canada vs. Morocco: O/U 0.5,Over,42996203538860485282358738973883755617896397771907303376864680499165101300451,5,634.56,634.56,533.03,-77.02,2026-07-04 18:13:29,2026-07-04 18:13:31,5,0,0,5,0,0.84,-1444.86
3,Mind.The.Gap,Canada vs. Morocco: O/U 1.5,Over,96116244500158894129614720792528379861054569399638069723975776943314550124383,21,474.09,15671.08,9782.69,-513.11,2026-07-04 18:13:29,2026-07-04 18:45:31,19,2,0,15,6,0.6278,-524.51
4,Mind.The.Gap,Canada vs. Morocco: O/U 1.5,Under,50824321377710964921744720422284572418158281031478336435167731758953613423485,5,6248.65,6248.65,3154.06,-18.93,2026-07-04 18:16:20,2026-07-04 18:45:23,3,2,0,5,0,0.4981,-60.02
5,Mind.The.Gap,Canada vs. Morocco: O/U 2.5,Over,92558617592610075024809620259581225959591222778250295886163453827086930306302,56,0.05,99828.82,27655.73,1795.92,2026-07-04 18:13:29,2026-07-04 18:49:55,53,3,0,12,44,0.2771,649.38
6,Mind.The.Gap,Canada vs. Morocco: O/U 2.5,Under,60688539524393997069873883857924125728741268142754566736060452513865271992897,21,28719.55,28719.55,24261.81,86.9,2026-07-04 18:17:31,2026-07-04 18:48:37,20,1,0,21,0,0.8434,35.82
7,Mind.The.Gap,Canada vs. Morocco: Team to Advance,Canada,56292828273428899260365455682186850383967622513477170366683867650416440166282,17,0.02,14592.56,2575.68,116.87,2026-07-04 17:31:46,2026-07-04 18:42:20,14,3,0,16,1,0.1782,453.75
8,Mind.The.Gap,Canada vs. Morocco: Team to Advance,Morocco,101238961791599951615685057841199539507679732083288763835613798393210363728749,84,48969.5,50079.48,44617.84,244.08,2026-07-04 18:13:29,2026-07-04 18:48:59,82,2,0,83,1,0.8899,54.71
9,Mind.The.Gap,Spread: Morocco (-1.5),Canada,55920410518084961660947482181085666491550953052146626322159352002622133192050,5,1460.4,1800.38,518.3,8.38,2026-07-04 18:17:29,2026-07-04 18:48:16,2,3,0,4,1,0.2879,161.71
10,Mind.The.Gap,Spread: Morocco (-1.5),Morocco,109563149597666284036383336521861145893423377854256145684923251785322144838234,9,0.02,3292.08,1652.88,8.43,2026-07-04 18:13:29,2026-07-04 18:48:16,4,5,0,7,2,0.5,50.98
11,Mind.The.Gap,Spread: Morocco (-2.5),Morocco,26895713768902859572307099332179579216237114281062297113584226124720853329935,6,1280.97,1280.97,678.68,-569.71,2026-07-04 19:01:49,2026-07-04 19:01:49,5,1,0,6,0,0.5298,-8394.45
12,Mind.The.Gap,Will Canada vs. Morocco end in a draw?,No,71632223088728071164198560444876622481182650786367190732492573444308094933385,11,3473.1,5344.88,4325.66,170.67,2026-07-04 18:13:29,2026-07-04 18:45:37,10,1,0,3,8,0.8083,394.56
13,Mind.The.Gap,Will Canada vs. Morocco end in a draw?,Yes,102160917682664539054010256622493974769159216846456075685208964292484286267403,4,21406.36,22090.04,5599.05,78.5,2026-07-04 18:17:31,2026-07-04 18:43:16,1,3,0,3,1,0.2518,140.21
14,Mind.The.Gap,Will Canada win on 2026-07-04?,No,11263816773062132614077322307882909551135079093893055759804813369043643400419,4,3952.75,12286.54,12068.46,26.12,2026-07-04 18:13:29,2026-07-04 18:48:04,1,3,0,3,1,0.9818,21.65
15,Mind.The.Gap,Will Morocco win on 2026-07-04?,No,65668323357092153659635952271884062785503105920888052743329065374587829550790,22,0.01,73971.29,26663.87,-955.56,2026-07-04 18:17:31,2026-07-04 18:43:44,20,2,0,21,1,0.363,-358.37
16,Mind.The.Gap,Will Morocco win on 2026-07-04?,Yes,102051736436656560797672629859737891705962543111476656351708851920203673046762,10,1015.07,21684.64,15985.19,-1070.71,2026-07-04 18:13:29,2026-07-04 18:49:25,6,4,0,7,3,0.7356,-669.81
17,RN1,Canada leading at halftime?,No,61956596667330249513830031723434717646586942722121037061330878359712119306402,6,8061.09,8061.09,7409.17,-4.99,2026-07-04 17:39:35,2026-07-04 17:47:43,5,1,0,6,0,0.9191,-6.74
18,RN1,Canada leading at halftime?,Yes,7205289981143850979995161141689912958651295718176299540723444457044093259805,2,45.71,45.71,3.66,0.23,2026-07-04 17:42:11,2026-07-04 17:43:05,2,0,0,2,0,0.08,625.0
19,RN1,Canada vs. Morocco: 1st Half O/U 0.5,Over,59228419522118921740322073257400202560207901520600197934079200999523862262784,78,31557.63,31557.63,3434.06,148.71,2026-07-04 17:39:16,2026-07-04 17:49:56,74,4,0,78,0,0.1086,433.04
20,RN1,Canada vs. Morocco: 1st Half O/U 0.5,Under,89565462811586576469181739505923703849233166823230972095099714271256085338091,14,5412.24,5412.24,5090.48,-11.4,2026-07-04 17:42:01,2026-07-04 17:51:14,14,0,0,14,0,0.9406,-22.39
21,RN1,Canada vs. Morocco: 1st Half O/U 1.5,Under,111161642908398098947830978130281451414293991294485707199715180584489214684364,3,122.78,122.78,121.54,0.46,2026-07-04 17:42:40,2026-07-04 17:49:47,2,1,0,3,0,0.9898,38.08
22,RN1,Canada vs. Morocco: Both Teams to Score,No,10609662626498431851840947167646713641731799682558722152460847719580461702230,34,76872.26,76872.26,55345.72,1760.14,2026-07-04 17:56:22,2026-07-04 18:48:20,33,1,0,34,0,0.7198,318.03
23,RN1,Canada vs. Morocco: Both Teams to Score,Yes,8920104249180949017043784547406683331617061867643812394376393493240474884812,140,57217.02,57217.02,15180.38,340.03,2026-07-04 17:39:25,2026-07-04 19:00:49,138,2,0,140,0,0.2643,223.99
24,RN1,Canada vs. Morocco: Canada O/U 0.5,Over,98550112018189929804021833059335205050998087270207058353012628130079550801305,1,267.58,267.58,64.22,8.03,2026-07-04 18:45:16,2026-07-04 18:45:16,1,0,0,1,0,0.24,1250.0
25,RN1,Canada vs. Morocco: Canada O/U 1.5,Under,82581305583165445250282846436169037266934687407169553604124129186184234934932,4,11431.92,11431.92,11060.92,-29.12,2026-07-04 18:42:26,2026-07-04 18:42:41,4,0,0,4,0,0.9675,-26.32
26,RN1,Canada vs. Morocco: Canada O/U 2.5,Over,95182777344595475043422960611010971868057061754103584777685776632745147808833,1,20.26,20.26,0.26,0.02,2026-07-04 18:03:10,2026-07-04 18:03:10,1,0,0,1,0,0.013,769.23
27,RN1,Canada vs. Morocco: Canada O/U 2.5,Under,22574033557479727232684177925599885591442189795867764109586668132624383402779,6,18554.0,18554.0,18145.73,-48.51,2026-07-04 17:44:26,2026-07-04 17:46:11,6,0,0,6,0,0.978,-26.73
28,RN1,Canada vs. Morocco: Draw at halftime?,No,66223776699043335563776505320054595596466404195053961420506866958973467712677,9,3405.59,3405.59,592.24,26.45,2026-07-04 17:39:35,2026-07-04 17:47:07,9,0,0,9,0,0.1739,446.69
29,RN1,Canada vs. Morocco: Draw at halftime?,Yes,27776521898513531479368205340917221397038487959472907816819067763897945140843,6,314.13,314.13,301.39,1.5,2026-07-04 17:45:37,2026-07-04 17:51:13,6,0,0,6,0,0.9594,49.85
30,RN1,Canada vs. Morocco: Morocco O/U 0.5,Under,90014508754360062707842316614646706933929611822383861836108088305980738936006,5,14041.9,14041.9,6226.81,256.56,2026-07-04 17:59:22,2026-07-04 18:11:14,5,0,0,5,0,0.4434,412.03
31,RN1,Canada vs. Morocco: Morocco O/U 1.5,Under,32264965155253839525730975712869361705388881506779825276941486822523079572280,3,1743.32,1743.32,1446.96,9.3,2026-07-04 17:58:32,2026-07-04 18:09:08,3,0,0,3,0,0.83,64.31
32,RN1,Canada vs. Morocco: Morocco O/U 2.5,Over,61529988878285946086829603393951665099542368147365583440135370864277285943488,2,850.0,850.0,73.72,-2.48,2026-07-04 18:19:43,2026-07-04 18:19:43,0,2,0,2,0,0.0844,-335.73
33,RN1,Canada vs. Morocco: O/U 0.5,Over,42996203538860485282358738973883755617896397771907303376864680499165101300451,4,8912.81,8912.81,6328.44,32.67,2026-07-04 17:41:53,2026-07-04 18:09:52,4,0,0,4,0,0.71,51.62
34,RN1,Canada vs. Morocco: O/U 0.5,Under,105237847709298429437347196019111660046119220044271259370520358578409062836481,46,10394.29,10394.29,2797.09,47.83,2026-07-04 17:39:05,2026-07-04 18:11:19,46,0,0,46,0,0.2691,170.99
35,RN1,Canada vs. Morocco: O/U 1.5,Over,96116244500158894129614720792528379861054569399638069723975776943314550124383,124,98340.99,98340.99,53952.87,793.01,2026-07-04 17:42:50,2026-07-04 18:43:40,124,0,0,124,0,0.5486,146.98
36,RN1,Canada vs. Morocco: O/U 1.5,Under,50824321377710964921744720422284572418158281031478336435167731758953613423485,84,40191.66,40191.66,18967.73,248.37,2026-07-04 17:42:25,2026-07-04 18:45:25,84,0,0,84,0,0.4719,130.95
37,RN1,Canada vs. Morocco: O/U 2.5,Over,92558617592610075024809620259581225959591222778250295886163453827086930306302,193,137394.14,137394.14,35747.21,2785.35,2026-07-04 17:44:04,2026-07-04 19:00:55,188,5,0,193,0,0.2599,779.18
38,RN1,Canada vs. Morocco: O/U 2.5,Under,60688539524393997069873883857924125728741268142754566736060452513865271992897,40,61121.81,61121.81,48596.75,10.67,2026-07-04 17:39:17,2026-07-04 19:00:53,36,4,0,40,0,0.7943,2.2
39,RN1,Canada vs. Morocco: O/U 3.5,Over,55527057073354431016613539322447476515250657989588501111701319958475813452255,44,44440.95,44440.95,2619.21,184.84,2026-07-04 17:59:04,2026-07-04 18:50:25,42,2,0,44,0,0.0588,705.69
40,RN1,Canada vs. Morocco: O/U 3.5,Under,46789911925202689685168733809926497387761702965104942018421365628502659183320,21,22711.22,22711.22,21704.58,38.21,2026-07-04 17:43:35,2026-07-04 19:00:50,21,0,0,21,0,0.9557,17.61
41,RN1,Canada vs. Morocco: O/U 4.5,Over,86446590684263389984735757571445537437808901179603198703006879927326729514834,13,15708.51,15708.51,178.77,39.15,2026-07-04 17:42:08,2026-07-04 18:17:49,13,0,0,13,0,0.0114,2189.81
42,RN1,Canada vs. Morocco: O/U 4.5,Under,113153831938675472473991416337748165225014885380771700309019427537348512609272,7,10355.25,10355.25,10293.13,8.09,2026-07-04 17:51:14,2026-07-04 18:48:23,7,0,0,7,0,0.994,7.86
43,RN1,Canada vs. Morocco: O/U 5.5,Over,56827100484696464295258016877967085212544260930925987277850330632126944317645,3,13590.0,13590.0,40.77,2.26,2026-07-04 18:08:55,2026-07-04 18:09:56,3,0,0,3,0,0.003,555.56
44,RN1,Canada vs. Morocco: Team to Advance,Canada,56292828273428899260365455682186850383967622513477170366683867650416440166282,91,82565.85,82565.85,16383.09,342.31,2026-07-04 17:29:26,2026-07-04 18:57:50,89,2,0,91,0,0.1984,208.94
45,RN1,Canada vs. Morocco: Team to Advance,Morocco,101238961791599951615685057841199539507679732083288763835613798393210363728749,45,43622.99,43622.99,34646.74,203.06,2026-07-04 17:56:14,2026-07-04 18:48:58,45,0,0,45,0,0.7942,58.61
46,RN1,Detroit Tigers vs. Texas Rangers,Detroit Tigers,83220127321873533198184356929379327828655671031900292943128764143512792492895,15,7935.22,7935.22,5905.52,50.15,2026-07-04 20:14:35,2026-07-04 20:52:14,15,0,0,15,0,0.7442,84.91
47,RN1,Detroit Tigers vs. Texas Rangers,Texas Rangers,81990441143965995787933075588649686316877974637646137606886527009807513123431,17,528.76,528.76,95.3,2.64,2026-07-04 20:27:25,2026-07-04 21:39:08,14,0,3,17,0,0.1802,277.43
48,RN1,Detroit Tigers vs. Texas Rangers: O/U 8.5,Over,62406888080197439863278757881313776122863805423202693545387426675246831351483,2,166.91,166.91,113.5,1.67,2026-07-04 20:29:52,2026-07-04 20:29:56,2,0,0,2,0,0.68,147.06
49,RN1,Detroit Tigers vs. Texas Rangers: O/U 8.5,Under,90876581743969060810659674768686680752277196215922935183144709215636003841937,5,114.6,114.6,67.77,0.8,2026-07-04 20:54:55,2026-07-04 21:31:04,4,1,0,5,0,0.5911,117.74
50,RN1,Exact Score: Canada 0 - 0 Morocco?,No,34010156798668660072846095063156120676792058629058900450653997418737616077704,7,1238.87,1238.87,863.59,13.33,2026-07-04 17:54:49,2026-07-04 18:09:56,7,0,0,7,0,0.6971,154.41
51,RN1,Exact Score: Canada 0 - 0 Morocco?,Yes,76310829870437093420871519393771884743551121760931012561797513228569177743911,2,62.63,62.63,16.72,0.35,2026-07-04 17:44:02,2026-07-04 17:53:22,2,0,0,2,0,0.267,209.98
52,RN1,Exact Score: Canada 0 - 1 Morocco?,No,16695730009890723494710144007809229185745901859558797786251064027983805867065,113,8463.83,8463.83,5622.97,57.3,2026-07-04 17:42:44,2026-07-04 18:44:17,112,1,0,113,0,0.6643,101.91
53,RN1,Exact Score: Canada 0 - 1 Morocco?,Yes,8963907017582457712347647311643106183252917660738419483181983014657152970904,36,5712.07,5712.07,2330.45,40.13,2026-07-04 18:15:40,2026-07-04 18:44:19,36,0,0,36,0,0.408,172.19
54,RN1,Exact Score: Canada 0 - 2 Morocco?,No,57930102683433250075457413118893558792602979960386065251172552716781072751256,185,42586.91,42586.91,19254.87,-24.16,2026-07-04 17:52:22,2026-07-04 18:58:01,178,7,0,185,0,0.4484,-12.55
55,RN1,Exact Score: Canada 0 - 2 Morocco?,Yes,20572271143905363739769009174376071134968979053749587517249653617426944665893,61,8644.17,8644.17,6464.24,54.14,2026-07-04 17:42:05,2026-07-04 19:00:50,59,2,0,61,0,0.7476,83.76
56,RN1,Exact Score: Canada 0 - 3 Morocco?,No,14537136329493216412628462941476849888296106688213182717271705201625547940647,15,4020.28,4020.28,3870.68,18.54,2026-07-04 17:56:35,2026-07-04 18:57:53,15,0,0,15,0,0.9628,47.9
57,RN1,Exact Score: Canada 0 - 3 Morocco?,Yes,12392692711412120981784453932758829678206566197234030614093476524250966477982,6,122.23,122.23,9.9,1.33,2026-07-04 18:57:56,2026-07-04 19:00:38,6,0,0,6,0,0.081,1347.69
58,RN1,Exact Score: Canada 1 - 0 Morocco?,No,1996140398543278758228629946415453513365774367428917096049064214344910391014,26,4716.37,4716.37,3971.46,32.11,2026-07-04 17:39:13,2026-07-04 18:13:31,24,2,0,26,0,0.842,80.85
59,RN1,Exact Score: Canada 1 - 0 Morocco?,Yes,73706049451962194767909208240442024684952434525931777661867538971896631929874,6,148.9,148.9,20.85,1.49,2026-07-04 17:58:25,2026-07-04 18:01:31,6,0,0,6,0,0.14,714.29
60,RN1,Exact Score: Canada 1 - 1 Morocco?,No,38799735782942997010258413982163294914265852434730143680763268935472863722364,29,3736.54,3736.54,2859.1,68.24,2026-07-04 18:15:53,2026-07-04 18:44:31,29,0,0,29,0,0.7652,238.67
61,RN1,Exact Score: Canada 1 - 1 Morocco?,Yes,107678834427131311529903503002845058071737502937601105313684556864510683013508,21,12226.28,12226.28,993.84,909.88,2026-07-04 17:53:05,2026-07-04 18:35:37,21,0,0,21,0,0.0813,9155.22
62,RN1,Exact Score: Canada 1 - 2 Morocco?,No,73857401444438674665504240109552814718343715658679403014530436738792456700545,56,13380.17,13380.17,11858.46,106.14,2026-07-04 17:43:04,2026-07-04 19:00:55,55,1,0,56,0,0.8862,89.51
63,RN1,Exact Score: Canada 1 - 2 Morocco?,Yes,67854345526031708682007007697553991601942929401132696342936212906952057836769,30,2854.06,2854.06,298.94,22.58,2026-07-04 17:44:20,2026-07-04 19:00:44,29,1,0,30,0,0.1046,755.18
64,RN1,Exact Score: Canada 1 - 3 Morocco?,No,50171406964679500706317840638231885886757432654921300229569346029386303809313,2,779.75,779.75,771.61,-6.26,2026-07-04 18:21:02,2026-07-04 18:54:35,2,0,0,2,0,0.9896,-81.16
65,RN1,Exact Score: Canada 2 - 0 Morocco?,No,17847832277451017432484241361534460347295499000687065942196625002421084427902,7,3415.71,3415.71,3287.42,14.33,2026-07-04 17:45:29,2026-07-04 18:13:31,5,2,0,7,0,0.9623,43.58
66,RN1,Exact Score: Canada 2 - 1 Morocco?,No,36004372491427599817441316225161037536519877865238471959767538801075253992717,4,1629.13,1629.13,1566.09,14.72,2026-07-04 17:46:08,2026-07-04 18:38:16,4,0,0,4,0,0.9613,94.02
67,RN1,Exact Score: Canada 2 - 1 Morocco?,Yes,89619733853600214155335419574787423331115008821678889199230689088451948402138,3,945.28,945.28,31.93,2.3,2026-07-04 18:09:17,2026-07-04 18:10:08,3,0,0,3,0,0.0338,720.48
68,RN1,Exact Score: Canada 2 - 2 Morocco?,No,36054656021254014463764765072865834877017369647568704042024652214155964558776,2,589.64,589.64,582.7,1.63,2026-07-04 18:48:16,2026-07-04 18:58:46,2,0,0,2,0,0.9882,27.98
69,RN1,Exact Score: Canada 2 - 2 Morocco?,Yes,37784314320367357388314558774475189905405949796711430141825364706746501854725,5,820.41,820.41,10.22,0.47,2026-07-04 18:00:14,2026-07-04 18:15:55,5,0,0,5,0,0.0125,459.11
70,RN1,Exact Score: Canada 2 - 3 Morocco?,No,53338133086294047225476368982160040852321573980678224921653172131529827845119,5,959.43,959.43,953.45,2.07,2026-07-04 17:53:22,2026-07-04 18:26:58,5,0,0,5,0,0.9938,21.68
71,RN1,Exact Score: Canada 3 - 1 Morocco?,No,93810353214954178940425965647012239129677218934849713778923739584062466379189,2,925.71,925.71,912.75,4.28,2026-07-04 17:46:31,2026-07-04 17:47:29,2,0,0,2,0,0.986,46.91
72,RN1,Exact Score: Canada 3 - 1 Morocco?,Yes,113682109108006880424027796796590126034948762897855121176264623098012369024930,5,3116.32,3116.32,18.52,3.84,2026-07-04 18:04:40,2026-07-04 18:12:25,5,0,0,5,0,0.0059,2071.39
73,RN1,Exact Score: Canada 3 - 2 Morocco?,No,107509945179891730576690814548805381874985429825368905042759583990830244416842,1,782.0,782.0,775.74,1.96,2026-07-04 17:46:19,2026-07-04 17:46:19,1,0,0,1,0,0.992,25.2
74,RN1,Exact Score: Canada 3 - 2 Morocco?,Yes,17421609939809540866955500253492367723952650870757817589183399309281670739857,2,782.0,782.0,2.35,2.04,2026-07-04 18:00:19,2026-07-04 18:02:44,2,0,0,2,0,0.003,8697.57
75,RN1,Exact Score: Canada 3 - 3 Morocco?,No,154655120518508319492071566057404025147019624115170579848662777561531781084,1,373.4,373.4,373.03,0.0,2026-07-04 18:44:20,2026-07-04 18:44:20,1,0,0,1,0,0.999,0.0
76,RN1,Exact Score: Canada 3 - 3 Morocco?,Yes,79104985989379585760106406509583355251251741959745638027696438174054419659694,5,1563.99,1563.99,3.13,0.0,2026-07-04 18:08:53,2026-07-04 18:09:55,5,0,0,5,0,0.002,0.0
77,RN1,Exact Score: Paraguay 0 - 0 France?,No,111308261490669211947092561664389142674925528733463801340249426215274066412400,10,3574.89,3574.89,3295.24,24.1,2026-07-04 21:17:31,2026-07-04 21:37:41,7,0,3,10,0,0.9218,73.14
78,RN1,Exact Score: Paraguay 0 - 0 France?,Yes,61221511906668985742640948178283850907448448165552847270885589742857910216401,3,862.96,862.96,64.84,5.42,2026-07-04 21:30:49,2026-07-04 21:36:55,1,0,2,3,0,0.0751,835.36
79,RN1,Exact Score: Paraguay 0 - 1 France?,No,35371420051097980571529391020191940963108890582721510726130912008018851448702,14,1392.21,1392.21,1146.04,7.52,2026-07-04 21:09:14,2026-07-04 21:33:35,13,0,1,14,0,0.8232,65.59
80,RN1,Exact Score: Paraguay 0 - 2 France?,No,97300704324509360159410663023731717955165171299039921619748260703973681745948,11,796.86,796.86,623.22,6.51,2026-07-04 21:09:49,2026-07-04 21:34:02,9,0,2,11,0,0.7821,104.4
81,RN1,Exact Score: Paraguay 0 - 3 France?,No,94452103968635842280117969595911408931171906437356247111944989707288891072164,14,1031.7,1031.7,887.26,3.09,2026-07-04 21:11:26,2026-07-04 21:23:22,14,0,0,14,0,0.86,34.84
82,RN1,Exact Score: Paraguay 0 - 3 France?,Yes,44257241900175800751939097612366241689764542270014584779223157791564552987319,4,2252.98,2252.98,292.89,-3.76,2026-07-04 21:08:58,2026-07-04 21:09:13,4,0,0,4,0,0.13,-128.21
83,RN1,Exact Score: Paraguay 1 - 0 France?,No,103286678066490288553804621472986167889449048739658388096619649226707845727713,2,166.56,166.56,162.23,0.58,2026-07-04 21:09:10,2026-07-04 21:12:44,2,0,0,2,0,0.974,35.9
84,RN1,Exact Score: Paraguay 1 - 1 France?,No,96920404895957149864295866381978404444368206549030023714686364747926358551318,4,2281.9,2281.9,2106.91,11.8,2026-07-04 21:01:46,2026-07-04 21:09:49,3,1,0,4,0,0.9224,56.01
85,RN1,Exact Score: Paraguay 1 - 1 France?,Yes,44803322121372600829211703698408700588466968734104400001986336283612036539752,1,115.02,115.02,7.71,0.17,2026-07-04 21:17:55,2026-07-04 21:17:55,1,0,0,1,0,0.067,223.88
86,RN1,Exact Score: Paraguay 1 - 2 France?,No,31246751777309327054837731878037520541776738112006758382821715244728162092472,32,9424.07,9424.07,8587.84,47.12,2026-07-04 21:15:17,2026-07-04 21:28:28,31,1,0,32,0,0.91,54.87
87,RN1,Exact Score: Paraguay 1 - 3 France?,No,115267037369048657458215200404984267267938128650073249855813303477757048408771,11,2704.14,2704.14,2506.43,17.15,2026-07-04 21:09:22,2026-07-04 21:33:43,10,0,1,11,0,0.9269,68.41
88,RN1,Exact Score: Paraguay 2 - 0 France?,No,106964674653729841535913713722411749431404944366557602026383261061827609828001,1,295.0,295.0,290.28,1.77,2026-07-04 21:21:52,2026-07-04 21:21:52,1,0,0,1,0,0.984,60.98
89,RN1,Exact Score: Paraguay 2 - 0 France?,Yes,88745281657570647211467394150431720197787708232855080042016182159959925211465,6,541.21,541.21,2.41,1.42,2026-07-04 21:16:32,2026-07-04 21:29:34,6,0,0,6,0,0.0044,5914.38
90,RN1,Exact Score: Paraguay 2 - 2 France?,No,89487886876573798452176276697174952677087752893391829861818541740757034484068,6,1020.35,1020.35,992.14,5.43,2026-07-04 21:00:52,2026-07-04 21:08:40,5,1,0,6,0,0.9724,54.68
91,RN1,Exact Score: Paraguay 2 - 3 France?,No,11589384810004534295479689104366457381207221028570124709152780999353398710771,1,75.29,75.29,74.01,0.34,2026-07-04 21:29:10,2026-07-04 21:29:10,1,0,0,1,0,0.983,45.78
92,RN1,France leading at halftime?,No,31154355642611227701222141115208273042464517612741608844692380262085835808587,112,58421.93,58421.93,27403.19,268.23,2026-07-04 20:54:20,2026-07-04 21:37:22,105,3,4,112,0,0.4684,97.88
93,RN1,France leading at halftime?,Yes,31038908195142167614664400537596872422132480344982761758511498924474589525521,45,75069.94,75069.94,37694.53,959.33,2026-07-04 21:06:34,2026-07-04 21:39:37,36,0,9,45,0,0.5021,254.5
94,RN1,Liaoning Tieren FC vs. Chongqing Tonglianglong FC: O/U 2.5,Over,73815955277334698565944380751968678433856587469443951348676966611127683215963,1,15.0,15.0,6.41,-0.37,2026-07-04 11:20:38,2026-07-04 11:20:38,0,1,0,1,0,0.42,-585.06
95,RN1,Minnesota Twins vs. New York Yankees,Minnesota Twins,55176479760999871576955526417004581734443131873209795645893297767821754893190,15,628.51,628.51,424.97,7.87,2026-07-04 17:47:44,2026-07-04 20:27:46,15,0,0,15,0,0.6762,185.09
96,RN1,Minnesota Twins vs. New York Yankees,New York Yankees,83154521506631446185725680346120902858642328202486262701979519208550175520308,5,187.63,187.63,73.6,-14.14,2026-07-04 19:27:13,2026-07-04 19:48:35,5,0,0,5,0,0.3923,-1921.48
97,RN1,Morocco leading at halftime?,No,78231809302880482018753359736859523079365378375558276897798419393531550288936,18,14811.28,14811.28,13919.48,-31.41,2026-07-04 17:41:53,2026-07-04 17:48:56,16,2,0,18,0,0.9397,-22.57
98,RN1,Morocco leading at halftime?,Yes,57193392355460061619592829060341022068959297852123714182024455341771304882767,12,6456.38,6456.38,400.47,-15.85,2026-07-04 17:39:20,2026-07-04 17:49:56,11,1,0,12,0,0.062,-395.79
99,RN1,Paraguay leading at halftime?,No,18102014844672398396612857231117679790630569051690585153230519501503206445960,13,8539.76,8539.76,8171.36,39.81,2026-07-04 21:12:23,2026-07-04 21:37:38,7,0,6,13,0,0.9569,48.71
100,RN1,Paraguay leading at halftime?,Yes,71197424862380864838573032353937753852231671233714499135314946267200408921148,1,4700.0,4700.0,188.0,-23.5,2026-07-04 21:31:31,2026-07-04 21:31:31,1,0,0,1,0,0.04,-1250.0
101,RN1,Paraguay vs. France: 1st Half O/U 0.5,Over,18404725068695516786702249650620448946615217717654660733763393547312310762195,38,29685.81,29685.81,14742.88,64.12,2026-07-04 21:01:10,2026-07-04 21:39:37,24,0,14,38,0,0.4966,43.49
102,RN1,Paraguay vs. France: 1st Half O/U 0.5,Under,61878248249308094584951528981824894101578033179179022795290599560377796856930,41,12622.53,12622.53,6361.31,59.43,2026-07-04 21:05:02,2026-07-04 21:36:53,32,0,9,41,0,0.504,93.42
103,RN1,Paraguay vs. France: 1st Half O/U 1.5,Over,59160054752942111017781272081973573902395600346782307750739439915345277215099,43,31711.6,31711.6,7213.1,170.84,2026-07-04 21:01:05,2026-07-04 21:37:34,38,1,4,43,0,0.227,236.84
104,RN1,Paraguay vs. France: 1st Half O/U 1.5,Under,1178735518974842401447317117246608529999437470551287210618432490951707415137,22,61480.85,61480.85,41245.35,922.95,2026-07-04 21:03:40,2026-07-04 21:31:43,21,0,1,22,0,0.6709,223.77
105,RN1,Paraguay vs. France: 1st Half O/U 2.5,Over,83714513562927395168897154209568915282216703605610486213299164797013407612220,15,12766.01,12766.01,1026.61,80.86,2026-07-04 21:10:28,2026-07-04 21:34:32,13,0,2,15,0,0.0804,787.62
106,RN1,Paraguay vs. France: 1st Half O/U 2.5,Under,36445271270237756321894721610612972048230888657968549645623936509391547471704,3,5040.2,5040.2,4940.39,8.9,2026-07-04 21:22:17,2026-07-04 21:34:13,2,0,1,3,0,0.9802,18.02
107,RN1,Paraguay vs. France: Both Teams to Score,No,12502603963557344262690313821651004140493591042365218402952297516338760610881,17,15321.73,15321.73,9246.08,34.44,2026-07-04 19:48:32,2026-07-04 21:36:32,11,5,1,17,0,0.6013,37.25
108,RN1,Paraguay vs. France: Both Teams to Score,Yes,79459290108508813221587263474415508166981788584547658676588715778394881402387,14,13754.3,13754.3,4230.67,27.47,2026-07-04 21:00:44,2026-07-04 21:34:46,10,0,4,14,0,0.3076,64.92
109,RN1,Paraguay vs. France: Draw at halftime?,No,93874081857253639178898021604519552839001679634405453013536082158783934343071,19,2803.23,2803.23,1326.02,4.43,2026-07-04 21:22:08,2026-07-04 21:37:44,14,0,5,19,0,0.473,33.43
110,RN1,Paraguay vs. France: Draw at halftime?,Yes,14452597772052230551249243515531742217562090673858193567491140016918071884438,2,34.09,34.09,19.4,0.18,2026-07-04 21:22:49,2026-07-04 21:35:34,1,0,1,2,0,0.5692,95.17
111,RN1,Paraguay vs. France: France O/U 0.5,Over,28449484811219621875932275507921336830930167103245979289503805508327954562888,3,4305.88,4305.88,3961.41,21.53,2026-07-04 21:09:14,2026-07-04 21:09:16,3,0,0,3,0,0.92,54.35
112,RN1,Paraguay vs. France: France O/U 0.5,Under,31840584116415909260077911079726591724065597966864491928760580867904637514068,2,323.75,323.75,23.75,3.77,2026-07-04 21:14:22,2026-07-04 21:23:35,2,0,0,2,0,0.0734,1587.11
113,RN1,Paraguay vs. France: France O/U 1.5,Over,16308593678662201012511056620464852726748687349854381251857035004020779872566,1,150.0,150.0,100.5,0.75,2026-07-04 21:17:31,2026-07-04 21:17:31,1,0,0,1,0,0.67,74.63
114,RN1,Paraguay vs. France: France O/U 1.5,Under,69409269810971756572135474605694774433368912850915658758245082212452442954853,7,1338.52,1338.52,526.39,-14.09,2026-07-04 21:06:05,2026-07-04 21:35:49,3,0,4,7,0,0.3933,-267.63
115,RN1,Paraguay vs. France: France O/U 2.5,Over,1192727302358561848889573447456778428911169032004043183746614781277324520967,4,2809.41,2809.41,877.07,67.37,2026-07-04 21:23:19,2026-07-04 21:36:43,2,0,2,4,0,0.3122,768.08
116,RN1,Paraguay vs. France: France O/U 2.5,Under,114942723362694568323488511770222146995871847123434385961754220508381172789472,17,6289.25,6289.25,3659.01,56.28,2026-07-04 21:00:16,2026-07-04 21:20:28,17,0,0,17,0,0.5818,153.82
117,RN1,Paraguay vs. France: O/U 0.5,Under,70110002328775936834822403369481063966324625589426322066890910538423445727229,6,1160.85,1160.85,72.86,1.62,2026-07-04 21:22:11,2026-07-04 21:31:58,5,0,1,6,0,0.0628,222.52
118,RN1,Paraguay vs. France: O/U 1.5,Over,21003556192144919375774622614831987692873521314901182152440818799800026582812,11,17897.12,17897.12,13657.1,21.29,2026-07-04 21:09:23,2026-07-04 21:33:35,9,1,1,11,0,0.7631,15.59
119,RN1,Paraguay vs. France: O/U 1.5,Under,99792866036005058658437227017757848412905207107265222332609082005571381147480,31,3618.5,3618.5,891.17,21.11,2026-07-04 21:09:19,2026-07-04 21:33:44,28,0,3,31,0,0.2463,236.83
120,RN1,Paraguay vs. France: O/U 2.5,Over,62109995893376590411570363703089356287262239641590130483407138546415846621122,8,24898.33,24898.33,11918.89,78.5,2026-07-04 21:10:38,2026-07-04 21:31:38,8,0,0,8,0,0.4787,65.86
121,RN1,Paraguay vs. France: O/U 2.5,Under,20750615321298371435771711011448133448743671070163766999225573342620362491557,58,14473.26,14473.26,7906.1,69.24,2026-07-04 21:12:29,2026-07-04 21:32:04,54,0,4,58,0,0.5463,87.58
122,RN1,Paraguay vs. France: O/U 3.5,Over,108932328424036769443529151579569917433073421997872491424809947602428377528963,12,14366.14,14366.14,2773.05,252.32,2026-07-04 21:17:50,2026-07-04 21:39:34,7,0,5,12,0,0.193,909.88
123,RN1,Paraguay vs. France: O/U 3.5,Under,55669177104213086410609258473030278150313428281140298294302693704677819688547,4,13286.26,13286.26,9434.77,66.43,2026-07-04 21:16:31,2026-07-04 21:36:38,2,0,2,4,0,0.7101,70.41
124,RN1,Paraguay vs. France: O/U 4.5,Over,31417086793621618856375843019375911197263762401099748909581852860838334314880,2,8034.66,8034.66,758.79,4.51,2026-07-04 21:25:49,2026-07-04 21:26:43,2,0,0,2,0,0.0944,59.39
125,RN1,Paraguay vs. France: O/U 4.5,Under,79481933683995790397808921235737232870251729429638902436601200312159772849373,1,35.25,35.25,31.02,0.18,2026-07-04 21:20:50,2026-07-04 21:20:50,1,0,0,1,0,0.88,56.82
126,RN1,Paraguay vs. France: O/U 5.5,Over,81645990641047097551697944360524435927397258122893349674108788404686639185709,4,4930.34,4930.34,108.95,17.22,2026-07-04 21:29:55,2026-07-04 21:32:28,2,0,2,4,0,0.0221,1580.95
127,RN1,Paraguay vs. France: O/U 5.5,Under,55991319597665125182916471491631502579824361829744744160986499885057988396993,4,4898.85,4898.85,4743.22,2.81,2026-07-04 21:27:14,2026-07-04 21:36:23,3,0,1,4,0,0.9682,5.92
128,RN1,Paraguay vs. France: O/U 6.5,Over,53982070612060940317822023243062427267151360599914152415087227562594547781738,4,4637.2,4637.2,46.37,12.0,2026-07-04 21:19:44,2026-07-04 21:25:01,4,0,0,4,0,0.01,2586.94
129,RN1,Paraguay vs. France: O/U 6.5,Under,2524061981635398457766998446757701816337412600356105730587329958815271899570,1,4573.33,4573.33,4532.17,4.57,2026-07-04 21:28:13,2026-07-04 21:28:13,1,0,0,1,0,0.991,10.09
130,RN1,Paraguay vs. France: Paraguay O/U 2.5,Over,3651745572886390686361185784362030812008352157082960896155953796481046303802,6,8956.28,8956.28,71.65,5.55,2026-07-04 21:19:31,2026-07-04 21:21:31,6,0,0,6,0,0.008,774.16
131,RN1,Paraguay vs. France: Paraguay O/U 2.5,Under,46762777272886277092060027756070560996130352019527424549360135758274606167869,1,625.0,625.0,620.0,0.31,2026-07-04 21:23:46,2026-07-04 21:23:46,1,0,0,1,0,0.992,5.04
132,RN1,Paraguay vs. France: Team to Advance,France,31292842804621552685080710635481150509566506621131636432949831366602181113978,1,1417.67,1417.67,1290.08,7.09,2026-07-04 21:34:10,2026-07-04 21:34:10,0,0,1,1,0,0.91,54.95
133,RN1,Paraguay vs. France: Team to Advance,Paraguay,53850543449954319258830021596635472306701104640080847905103517678613649532150,9,15230.21,15230.21,1195.35,76.15,2026-07-04 21:20:53,2026-07-04 21:28:08,9,0,0,9,0,0.0785,637.06
134,RN1,Pittsburgh Pirates vs. Washington Nationals: O/U 10.5,Under,10021596800474611583847953276613904774040226915801163676529969705586326980594,18,1381.34,1381.34,983.61,19.91,2026-07-04 17:39:44,2026-07-04 17:43:20,17,1,0,18,0,0.7103,202.39
135,RN1,Pittsburgh Pirates vs. Washington Nationals: O/U 9.5,Over,11885874521633279768623400955241921532847743337484077171122359169454454307938,1,2092.0,2092.0,627.6,-10.46,2026-07-04 17:46:46,2026-07-04 17:46:46,1,0,0,1,0,0.3,-166.67
136,RN1,Pittsburgh Pirates vs. Washington Nationals: O/U 9.5,Under,60371674557029625116487470212503274329789207533301082482212213441845022072733,2,6.08,6.08,3.92,-0.12,2026-07-04 17:43:17,2026-07-04 17:43:53,2,0,0,2,0,0.6449,-317.55
137,RN1,Quito: Samuel Heredia vs Matheus Pucinelli de Almeida,Matheus Pucinelli de Almeida,105744255343649799224905990052636656876207699022811328140297219012336917895171,1,484.39,484.39,372.98,16.95,2026-07-04 19:22:34,2026-07-04 19:22:34,1,0,0,1,0,0.77,454.55
138,RN1,Quito: Samuel Heredia vs Matheus Pucinelli de Almeida,Samuel Heredia,66434839387691532038575381528752597947477014814622923674814621770277806752811,1,1.12,1.12,0.12,0.02,2026-07-04 19:41:01,2026-07-04 19:41:01,1,0,0,1,0,0.11,1818.17
139,RN1,Spread: Canada (-1.5),Canada,54942794805780398938471515451240554956679313074933501606699297304029312241013,2,80.32,80.32,0.59,0.28,2026-07-04 17:54:52,2026-07-04 18:17:08,2,0,0,2,0,0.0073,4781.77
140,RN1,Spread: Canada (-1.5),Morocco,8938773315584451636284605290161771419827784089109361329453132464215102754519,13,5098.34,5098.34,4832.11,33.62,2026-07-04 17:51:02,2026-07-04 18:11:02,13,0,0,13,0,0.9478,69.57
141,RN1,Spread: Canada (-2.5),Canada,101526365801834639790070577885124060839319791577756715864099059492879712335669,1,4699.99,4699.99,9.4,14.1,2026-07-04 18:15:05,2026-07-04 18:15:05,1,0,0,1,0,0.002,15000.0
142,RN1,Spread: Detroit Tigers (-1.5),Detroit Tigers,44353541701084544889177113541500218254300148899068336004233494664585979186587,1,940.89,940.89,649.21,9.41,2026-07-04 21:05:28,2026-07-04 21:05:28,1,0,0,1,0,0.69,144.93
143,RN1,Spread: France (-1.5),France,47523359566599688529868130218766383548069667599339805725973075967987878581565,32,55087.94,55087.94,29882.49,101.56,2026-07-04 20:41:46,2026-07-04 21:35:20,27,1,4,32,0,0.5421,33.99
144,RN1,Spread: France (-1.5),Paraguay,20482855091620181376363423373816347541336681082369014762166611637141533316129,86,61061.63,61061.63,26857.92,469.42,2026-07-04 21:00:08,2026-07-04 21:39:37,81,0,5,86,0,0.4398,174.78
145,RN1,Spread: France (-2.5),France,50974834899476993543807241196769885927448705821766282663033691717596318889682,17,23053.95,23053.95,7100.7,206.84,2026-07-04 21:00:16,2026-07-04 21:11:59,17,0,0,17,0,0.308,291.29
146,RN1,Spread: France (-2.5),Paraguay,26080870624122259633890510176077042795008150807691589226821582617783978723079,5,95.15,95.15,63.69,1.14,2026-07-04 19:24:44,2026-07-04 21:00:26,5,0,0,5,0,0.6694,178.89
147,RN1,Spread: Morocco (-1.5),Canada,55920410518084961660947482181085666491550953052146626322159352002622133192050,39,34011.02,34011.02,22346.94,623.08,2026-07-04 17:54:02,2026-07-04 18:56:07,38,1,0,39,0,0.6569,278.82
148,RN1,Spread: Morocco (-1.5),Morocco,109563149597666284036383336521861145893423377854256145684923251785322144838234,6,10557.66,10557.66,3653.99,41.26,2026-07-04 18:18:46,2026-07-04 18:47:25,5,1,0,6,0,0.3436,112.92
149,RN1,Spread: Morocco (-2.5),Canada,97030267761010054658145325001804266098334544430480523630524546563460712877081,13,19350.47,19350.47,18987.88,39.37,2026-07-04 17:47:20,2026-07-04 18:35:46,13,0,0,13,0,0.9813,20.73
150,RN1,Spread: Morocco (-2.5),Morocco,26895713768902859572307099332179579216237114281062297113584226124720853329935,8,17355.7,17355.7,394.66,119.81,2026-07-04 17:48:38,2026-07-04 18:47:35,8,0,0,8,0,0.0227,3035.73
151,RN1,Spread: Paraguay (-1.5),Paraguay,99286149817318567767451861229686424899608858663863135624950016348707831065914,1,4358.0,4358.0,26.15,6.54,2026-07-04 21:24:49,2026-07-04 21:24:49,1,0,0,1,0,0.006,2500.0
152,RN1,Spread: Seattle Mariners (-1.5),Toronto Blue Jays,9565165760288801918102498503600469932249145861743408770092595451525049724661,2,21.22,21.22,2.21,0.38,2026-07-04 20:50:14,2026-07-04 21:07:55,2,0,0,2,0,0.104,1730.4
153,RN1,Toronto Blue Jays vs. Seattle Mariners,Seattle Mariners,2653285650730069371897133527695311034463738192851615507090506539982485879816,14,5660.45,5660.45,4256.38,7.99,2026-07-04 20:39:07,2026-07-04 20:48:16,13,1,0,14,0,0.7519,18.78
154,RN1,Toronto Blue Jays vs. Seattle Mariners,Toronto Blue Jays,57822021897969554856172041003897906317256928701009800006822886122985244611546,5,5829.65,5829.65,1448.45,29.2,2026-07-04 20:24:37,2026-07-04 20:55:05,4,1,0,5,0,0.2485,201.58
155,RN1,Toronto Blue Jays vs. Seattle Mariners: O/U 7.5,Over,1824590714005667434220065818064018075857739087427742513156074660235442062605,10,2578.83,2578.83,926.19,75.77,2026-07-04 20:25:55,2026-07-04 21:36:50,6,3,1,10,0,0.3581,818.07
156,RN1,Will Beijing Guoan FC win on 2026-07-04?,Yes,24230251396044528501979620091877508313113908803535913894755163787312733286017,1,23.26,23.26,13.26,0.12,2026-07-04 11:26:07,2026-07-04 11:26:07,1,0,0,1,0,0.57,87.72
157,RN1,Will Canada vs. Morocco end in a draw?,No,71632223088728071164198560444876622481182650786367190732492573444308094933385,34,44938.02,44938.02,40154.03,111.83,2026-07-04 17:45:52,2026-07-04 18:55:08,34,0,0,34,0,0.8935,27.85
158,RN1,Will Canada vs. Morocco end in a draw?,Yes,102160917682664539054010256622493974769159216846456075685208964292484286267403,59,20740.49,20740.49,3935.78,66.2,2026-07-04 18:16:38,2026-07-04 18:56:11,59,0,0,59,0,0.1898,168.2
159,RN1,Will Canada win on 2026-07-04?,No,11263816773062132614077322307882909551135079093893055759804813369043643400419,149,61620.77,61620.77,53640.5,19.57,2026-07-04 17:39:04,2026-07-04 18:49:28,140,0,9,149,0,0.8705,3.65
160,RN1,Will Canada win on 2026-07-04?,Yes,39829420117533150550184846325805706216027544339731400040170885335796384867455,86,53548.09,53548.09,5393.03,352.03,2026-07-04 17:51:17,2026-07-04 18:43:05,85,1,0,86,0,0.1007,652.76
161,RN1,Will France win on 2026-07-04?,No,21768823063425705834344898922772041926865204761442619231134822499901743767561,7,8775.99,8775.99,1711.32,43.88,2026-07-04 21:20:35,2026-07-04 21:28:28,7,0,0,7,0,0.195,256.41
162,RN1,Will France win on 2026-07-04?,Yes,113891226639705983282066963484423345278150974279743795316461155085208879415201,23,15906.27,15906.27,12856.66,35.65,2026-07-04 21:10:19,2026-07-04 21:26:37,23,0,0,23,0,0.8083,27.73
163,RN1,Will Morocco win on 2026-07-04?,No,65668323357092153659635952271884062785503105920888052743329065374587829550790,178,90838.59,90838.59,31428.26,733.06,2026-07-04 17:45:32,2026-07-04 18:43:44,178,0,0,178,0,0.346,233.25
164,RN1,Will Morocco win on 2026-07-04?,Yes,102051736436656560797672629859737891705962543111476656351708851920203673046762,207,113862.14,113862.14,79905.41,421.23,2026-07-04 17:43:44,2026-07-04 19:00:32,205,2,0,207,0,0.7009,52.72
165,RN1,Will Paraguay vs. France end in a draw?,Yes,46583164088552628109006406225347745689461921407583150295364128401681303855693,12,5663.06,5663.06,998.47,28.32,2026-07-04 21:29:22,2026-07-04 21:35:29,11,0,1,12,0,0.1763,283.59
166,RN1,Will Paraguay win on 2026-07-04?,No,43206349733795320404561682906083340686502197494152995596556037060237152808546,119,28705.22,28705.22,27436.25,48.84,2026-07-04 21:09:08,2026-07-04 21:39:34,58,0,61,119,0,0.9558,17.8
167,RN1,Will Paraguay win on 2026-07-04?,Yes,5986488984275762288846227630442187818951318412322984320385279750603889532502,60,55221.22,55221.22,2390.34,32.16,2026-07-04 21:15:04,2026-07-04 21:39:37,47,0,13,60,0,0.0433,134.56
168,RN1,Will Shanghai Haigang FC win on 2026-07-04?,Yes,15709951702075154793218306134295394689373201177682625634009941452881490110881,1,5.0,5.0,2.05,0.02,2026-07-04 11:25:59,2026-07-04 11:25:59,1,0,0,1,0,0.41,121.95
169,RN1,Wimbledon ATP: Alex de Minaur vs Zachary Svajda,Alex de Minaur,69691931242690478001326156415352415782615627515862298627641728495614545305253,1,1.57,1.57,1.37,-0.0,2026-07-04 11:25:53,2026-07-04 11:25:53,1,0,0,1,0,0.873,-5.73
170,RN1,Wimbledon ATP: Frances Tiafoe vs Alexander Bublik,Alexander Bublik,77932061662699145926553990540307681940646874096111706639726279327615061772993,60,76246.7,76246.7,46304.77,29.62,2026-07-04 17:50:22,2026-07-04 20:59:01,53,7,0,60,0,0.6058,6.4
171,RN1,Wimbledon ATP: Frances Tiafoe vs Alexander Bublik,Frances Tiafoe,47079195437486623568073733372189649540796094022294759531270286119869124805090,158,98501.32,98501.32,43431.39,593.69,2026-07-04 17:39:46,2026-07-04 21:16:02,157,1,0,158,0,0.4408,136.7
172,RN1,Wimbledon ATP: Grigor Dimitrov vs Matteo Berrettini,Grigor Dimitrov,111972548483158607730945914035299676644445297000183581861521030088279987794413,48,9632.73,9632.73,6491.71,40.71,2026-07-04 19:36:02,2026-07-04 20:45:50,48,0,0,48,0,0.6739,62.72
173,RN1,Wimbledon ATP: Grigor Dimitrov vs Matteo Berrettini,Matteo Berrettini,33273656523310658385604628273683952051264933161377051215866332730972461652012,34,24774.83,24774.83,10766.65,104.14,2026-07-04 17:39:56,2026-07-04 20:41:14,33,1,0,34,0,0.4346,96.72
174,RN1,Wimbledon ATP: Zizou Bergs vs Arthur Fery,Arthur Fery,30649231830422683831551774801045673383063206089219620441843620568566718995722,2,10.92,10.92,4.84,-0.11,2026-07-04 17:39:28,2026-07-04 17:39:31,2,0,0,2,0,0.443,-225.73
175,RN1,Wimbledon ATP: Zizou Bergs vs Arthur Fery,Zizou Bergs,31307193838868775164605761248469504056952639938744991980169462404087039704273,1,26.38,26.38,14.88,0.08,2026-07-04 17:39:55,2026-07-04 17:39:55,1,0,0,1,0,0.564,53.19
176,RN1,Wimbledon WTA: Emma Navarro vs Marta Kostyuk,Emma Navarro,52071782462468873771845763053526838157474679154027960578775367045025103555530,1,349.94,349.94,101.48,8.75,2026-07-04 11:26:08,2026-07-04 11:26:08,1,0,0,1,0,0.29,862.07
177,RN1,Wimbledon WTA: Emma Navarro vs Marta Kostyuk,Marta Kostyuk,73526987366272547338921353506756920868365985985677746134763073517294779721893,1,697.08,697.08,515.84,-31.37,2026-07-04 11:25:43,2026-07-04 11:25:43,1,0,0,1,0,0.74,-608.11
178,RN1,Wimbledon WTA: Liudmila Samsonova vs Marie Bouzkova,Marie Bouzkova,49581119857095769898709261286188827811051119993473639878340350659508041554997,1,61.66,61.66,20.96,0.0,2026-07-04 11:25:19,2026-07-04 11:25:19,1,0,0,1,0,0.34,0.0
