,wallet_label,question,fills,notional,estimated_edge_usdc,first_trade,last_trade,unique_tokens,buy_fills,sell_fills,maker_fills,taker_fills,unenriched_fills,duration_minutes,edge_bps
0,Mind.The.Gap,Canada vs. Morocco: Both Teams to Score,32,17796.9,-1301.62,2026-07-04 18:13:29,2026-07-04 19:01:56,2,23,9,28,4,0,48.45,-731.37
1,Mind.The.Gap,Canada vs. Morocco: O/U 0.5,5,533.03,-77.02,2026-07-04 18:13:29,2026-07-04 18:13:31,1,5,0,5,0,0,0.03,-1444.86
2,Mind.The.Gap,Canada vs. Morocco: O/U 1.5,26,12936.75,-532.04,2026-07-04 18:13:29,2026-07-04 18:45:31,2,20,6,22,4,0,32.03,-411.26
3,Mind.The.Gap,Canada vs. Morocco: O/U 2.5,77,51917.54,1882.82,2026-07-04 18:13:29,2026-07-04 18:49:55,2,33,44,73,4,0,36.43,362.66
4,Mind.The.Gap,Canada vs. Morocco: Team to Advance,101,47193.52,360.95,2026-07-04 17:31:46,2026-07-04 18:48:59,2,99,2,96,5,0,77.22,76.48
5,Mind.The.Gap,Spread: Morocco (-1.5),14,2171.18,16.81,2026-07-04 18:13:29,2026-07-04 18:48:16,2,11,3,6,8,0,34.78,77.41
6,Mind.The.Gap,Spread: Morocco (-2.5),6,678.68,-569.71,2026-07-04 19:01:49,2026-07-04 19:01:49,1,6,0,5,1,0,0.0,-8394.45
7,Mind.The.Gap,Will Canada vs. Morocco end in a draw?,15,9924.71,249.18,2026-07-04 18:13:29,2026-07-04 18:45:37,2,6,9,11,4,0,32.13,251.07
8,Mind.The.Gap,Will Canada win on 2026-07-04?,4,12068.46,26.12,2026-07-04 18:13:29,2026-07-04 18:48:04,1,3,1,1,3,0,34.58,21.65
9,Mind.The.Gap,Will Morocco win on 2026-07-04?,32,42649.06,-2026.27,2026-07-04 18:13:29,2026-07-04 18:49:25,2,28,4,26,6,0,35.93,-475.1
10,RN1,Canada leading at halftime?,8,7412.83,-4.77,2026-07-04 17:39:35,2026-07-04 17:47:43,2,8,0,7,1,0,8.13,-6.43
11,RN1,Canada vs. Morocco: 1st Half O/U 0.5,92,8524.55,137.31,2026-07-04 17:39:16,2026-07-04 17:51:14,2,92,0,88,4,0,11.97,161.07
12,RN1,Canada vs. Morocco: 1st Half O/U 1.5,3,121.54,0.46,2026-07-04 17:42:40,2026-07-04 17:49:47,1,3,0,2,1,0,7.12,38.08
13,RN1,Canada vs. Morocco: Both Teams to Score,174,70526.1,2100.17,2026-07-04 17:39:25,2026-07-04 19:00:49,2,174,0,171,3,0,81.4,297.79
14,RN1,Canada vs. Morocco: Canada O/U 0.5,1,64.22,8.03,2026-07-04 18:45:16,2026-07-04 18:45:16,1,1,0,1,0,0,0.0,1250.0
15,RN1,Canada vs. Morocco: Canada O/U 1.5,4,11060.92,-29.12,2026-07-04 18:42:26,2026-07-04 18:42:41,1,4,0,4,0,0,0.25,-26.32
16,RN1,Canada vs. Morocco: Canada O/U 2.5,7,18145.99,-48.49,2026-07-04 17:44:26,2026-07-04 18:03:10,2,7,0,7,0,0,18.73,-26.72
17,RN1,Canada vs. Morocco: Draw at halftime?,15,893.63,27.96,2026-07-04 17:39:35,2026-07-04 17:51:13,2,15,0,15,0,0,11.63,312.85
18,RN1,Canada vs. Morocco: Morocco O/U 0.5,5,6226.81,256.56,2026-07-04 17:59:22,2026-07-04 18:11:14,1,5,0,5,0,0,11.87,412.03
19,RN1,Canada vs. Morocco: Morocco O/U 1.5,3,1446.96,9.3,2026-07-04 17:58:32,2026-07-04 18:09:08,1,3,0,3,0,0,10.6,64.31
20,RN1,Canada vs. Morocco: Morocco O/U 2.5,2,73.72,-2.48,2026-07-04 18:19:43,2026-07-04 18:19:43,1,2,0,0,2,0,0.0,-335.73
21,RN1,Canada vs. Morocco: O/U 0.5,50,9125.52,80.5,2026-07-04 17:39:05,2026-07-04 18:11:19,2,50,0,50,0,0,32.23,88.21
22,RN1,Canada vs. Morocco: O/U 1.5,208,72920.6,1041.39,2026-07-04 17:42:25,2026-07-04 18:45:25,2,208,0,208,0,0,63.0,142.81
23,RN1,Canada vs. Morocco: O/U 2.5,233,84343.96,2796.02,2026-07-04 17:39:17,2026-07-04 19:00:55,2,233,0,224,9,0,81.63,331.5
24,RN1,Canada vs. Morocco: O/U 3.5,65,24323.8,223.05,2026-07-04 17:43:35,2026-07-04 19:00:50,2,65,0,63,2,0,77.25,91.7
25,RN1,Canada vs. Morocco: O/U 4.5,20,10471.9,47.23,2026-07-04 17:42:08,2026-07-04 18:48:23,2,20,0,20,0,0,66.25,45.11
26,RN1,Canada vs. Morocco: O/U 5.5,3,40.77,2.26,2026-07-04 18:08:55,2026-07-04 18:09:56,1,3,0,3,0,0,1.02,555.56
27,RN1,Canada vs. Morocco: Team to Advance,136,51029.83,545.37,2026-07-04 17:29:26,2026-07-04 18:57:50,2,136,0,134,2,0,88.4,106.87
28,RN1,Detroit Tigers vs. Texas Rangers,32,6000.82,52.79,2026-07-04 20:14:35,2026-07-04 21:39:08,2,32,0,29,0,3,84.55,87.97
29,RN1,Detroit Tigers vs. Texas Rangers: O/U 8.5,7,181.27,2.47,2026-07-04 20:29:52,2026-07-04 21:31:04,2,7,0,6,1,0,61.2,136.1
30,RN1,Exact Score: Canada 0 - 0 Morocco?,9,880.31,13.69,2026-07-04 17:44:02,2026-07-04 18:09:56,2,9,0,9,0,0,25.9,155.46
31,RN1,Exact Score: Canada 0 - 1 Morocco?,149,7953.42,97.43,2026-07-04 17:42:44,2026-07-04 18:44:19,2,149,0,148,1,0,61.58,122.5
32,RN1,Exact Score: Canada 0 - 2 Morocco?,246,25719.11,29.98,2026-07-04 17:42:05,2026-07-04 19:00:50,2,246,0,237,9,0,78.75,11.66
33,RN1,Exact Score: Canada 0 - 3 Morocco?,21,3880.58,19.88,2026-07-04 17:56:35,2026-07-04 19:00:38,2,21,0,21,0,0,64.05,51.22
34,RN1,Exact Score: Canada 1 - 0 Morocco?,32,3992.3,33.6,2026-07-04 17:39:13,2026-07-04 18:13:31,2,32,0,30,2,0,34.3,84.15
35,RN1,Exact Score: Canada 1 - 1 Morocco?,50,3852.94,978.12,2026-07-04 17:53:05,2026-07-04 18:44:31,2,50,0,50,0,0,51.43,2538.63
36,RN1,Exact Score: Canada 1 - 2 Morocco?,86,12157.39,128.72,2026-07-04 17:43:04,2026-07-04 19:00:55,2,86,0,84,2,0,77.85,105.87
37,RN1,Exact Score: Canada 1 - 3 Morocco?,2,771.61,-6.26,2026-07-04 18:21:02,2026-07-04 18:54:35,1,2,0,2,0,0,33.55,-81.16
38,RN1,Exact Score: Canada 2 - 0 Morocco?,7,3287.42,14.33,2026-07-04 17:45:29,2026-07-04 18:13:31,1,7,0,5,2,0,28.03,43.58
39,RN1,Exact Score: Canada 2 - 1 Morocco?,7,1598.02,17.02,2026-07-04 17:46:08,2026-07-04 18:38:16,2,7,0,7,0,0,52.13,106.53
40,RN1,Exact Score: Canada 2 - 2 Morocco?,7,592.92,2.1,2026-07-04 18:00:14,2026-07-04 18:58:46,2,7,0,7,0,0,58.53,35.41
41,RN1,Exact Score: Canada 2 - 3 Morocco?,5,953.45,2.07,2026-07-04 17:53:22,2026-07-04 18:26:58,1,5,0,5,0,0,33.6,21.68
42,RN1,Exact Score: Canada 3 - 1 Morocco?,7,931.28,8.12,2026-07-04 17:46:31,2026-07-04 18:12:25,2,7,0,7,0,0,25.9,87.18
43,RN1,Exact Score: Canada 3 - 2 Morocco?,3,778.09,4.0,2026-07-04 17:46:19,2026-07-04 18:02:44,2,3,0,3,0,0,16.42,51.35
44,RN1,Exact Score: Canada 3 - 3 Morocco?,6,376.15,0.0,2026-07-04 18:08:53,2026-07-04 18:44:20,2,6,0,6,0,0,35.45,0.0
45,RN1,Exact Score: Paraguay 0 - 0 France?,13,3360.08,29.52,2026-07-04 21:17:31,2026-07-04 21:37:41,2,13,0,8,0,5,20.17,87.85
46,RN1,Exact Score: Paraguay 0 - 1 France?,14,1146.04,7.52,2026-07-04 21:09:14,2026-07-04 21:33:35,1,14,0,13,0,1,24.35,65.59
47,RN1,Exact Score: Paraguay 0 - 2 France?,11,623.22,6.51,2026-07-04 21:09:49,2026-07-04 21:34:02,1,11,0,9,0,2,24.22,104.4
48,RN1,Exact Score: Paraguay 0 - 3 France?,18,1180.15,-0.66,2026-07-04 21:08:58,2026-07-04 21:23:22,2,18,0,18,0,0,14.4,-5.62
49,RN1,Exact Score: Paraguay 1 - 0 France?,2,162.23,0.58,2026-07-04 21:09:10,2026-07-04 21:12:44,1,2,0,2,0,0,3.57,35.9
50,RN1,Exact Score: Paraguay 1 - 1 France?,5,2114.62,11.97,2026-07-04 21:01:46,2026-07-04 21:17:55,2,5,0,4,1,0,16.15,56.62
51,RN1,Exact Score: Paraguay 1 - 2 France?,32,8587.84,47.12,2026-07-04 21:15:17,2026-07-04 21:28:28,1,32,0,31,1,0,13.18,54.87
52,RN1,Exact Score: Paraguay 1 - 3 France?,11,2506.43,17.15,2026-07-04 21:09:22,2026-07-04 21:33:43,1,11,0,10,0,1,24.35,68.41
53,RN1,Exact Score: Paraguay 2 - 0 France?,7,292.69,3.19,2026-07-04 21:16:32,2026-07-04 21:29:34,2,7,0,7,0,0,13.03,109.09
54,RN1,Exact Score: Paraguay 2 - 2 France?,6,992.14,5.43,2026-07-04 21:00:52,2026-07-04 21:08:40,1,6,0,5,1,0,7.8,54.68
55,RN1,Exact Score: Paraguay 2 - 3 France?,1,74.01,0.34,2026-07-04 21:29:10,2026-07-04 21:29:10,1,1,0,1,0,0,0.0,45.78
56,RN1,France leading at halftime?,157,65097.72,1227.56,2026-07-04 20:54:20,2026-07-04 21:39:37,2,157,0,141,3,13,45.28,188.57
57,RN1,Liaoning Tieren FC vs. Chongqing Tonglianglong FC: O/U 2.5,1,6.41,-0.37,2026-07-04 11:20:38,2026-07-04 11:20:38,1,1,0,0,1,0,0.0,-585.06
58,RN1,Minnesota Twins vs. New York Yankees,20,498.57,-6.28,2026-07-04 17:47:44,2026-07-04 20:27:46,2,20,0,20,0,0,160.03,-125.88
59,RN1,Morocco leading at halftime?,30,14319.95,-47.26,2026-07-04 17:39:20,2026-07-04 17:49:56,2,30,0,27,3,0,10.6,-33.0
60,RN1,Paraguay leading at halftime?,14,8359.36,16.31,2026-07-04 21:12:23,2026-07-04 21:37:38,2,14,0,8,0,6,25.25,19.51
61,RN1,Paraguay vs. France: 1st Half O/U 0.5,79,21104.19,123.54,2026-07-04 21:01:10,2026-07-04 21:39:37,2,79,0,56,0,23,38.45,58.54
62,RN1,Paraguay vs. France: 1st Half O/U 1.5,65,48458.45,1093.79,2026-07-04 21:01:05,2026-07-04 21:37:34,2,65,0,59,1,5,36.48,225.72
63,RN1,Paraguay vs. France: 1st Half O/U 2.5,18,5967.0,89.76,2026-07-04 21:10:28,2026-07-04 21:34:32,2,18,0,15,0,3,24.07,150.43
64,RN1,Paraguay vs. France: Both Teams to Score,31,13476.75,61.91,2026-07-04 19:48:32,2026-07-04 21:36:32,2,31,0,21,5,5,108.0,45.94
65,RN1,Paraguay vs. France: Draw at halftime?,21,1345.42,4.62,2026-07-04 21:22:08,2026-07-04 21:37:44,2,21,0,15,0,6,15.6,34.32
66,RN1,Paraguay vs. France: France O/U 0.5,5,3985.16,25.3,2026-07-04 21:09:14,2026-07-04 21:23:35,2,5,0,5,0,0,14.35,63.48
67,RN1,Paraguay vs. France: France O/U 1.5,8,626.89,-13.34,2026-07-04 21:06:05,2026-07-04 21:35:49,2,8,0,4,0,4,29.73,-212.76
68,RN1,Paraguay vs. France: France O/U 2.5,21,4536.08,123.65,2026-07-04 21:00:16,2026-07-04 21:36:43,2,21,0,19,0,2,36.45,272.59
69,RN1,Paraguay vs. France: O/U 0.5,6,72.86,1.62,2026-07-04 21:22:11,2026-07-04 21:31:58,1,6,0,5,0,1,9.78,222.52
70,RN1,Paraguay vs. France: O/U 1.5,42,14548.27,42.4,2026-07-04 21:09:19,2026-07-04 21:33:44,2,42,0,37,1,4,24.42,29.14
71,RN1,Paraguay vs. France: O/U 2.5,66,19824.99,147.74,2026-07-04 21:10:38,2026-07-04 21:32:04,2,66,0,62,0,4,21.43,74.52
72,RN1,Paraguay vs. France: O/U 3.5,16,12207.82,318.75,2026-07-04 21:16:31,2026-07-04 21:39:34,2,16,0,9,0,7,23.05,261.1
73,RN1,Paraguay vs. France: O/U 4.5,3,789.81,4.68,2026-07-04 21:20:50,2026-07-04 21:26:43,2,3,0,3,0,0,5.88,59.29
74,RN1,Paraguay vs. France: O/U 5.5,8,4852.16,20.03,2026-07-04 21:27:14,2026-07-04 21:36:23,2,8,0,5,0,3,9.15,41.28
75,RN1,Paraguay vs. France: O/U 6.5,5,4578.55,16.57,2026-07-04 21:19:44,2026-07-04 21:28:13,2,5,0,5,0,0,8.48,36.19
76,RN1,Paraguay vs. France: Paraguay O/U 2.5,7,691.65,5.86,2026-07-04 21:19:31,2026-07-04 21:23:46,2,7,0,7,0,0,4.25,84.72
77,RN1,Paraguay vs. France: Team to Advance,10,2485.43,83.24,2026-07-04 21:20:53,2026-07-04 21:34:10,2,10,0,9,0,1,13.28,334.91
78,RN1,Pittsburgh Pirates vs. Washington Nationals: O/U 10.5,18,983.61,19.91,2026-07-04 17:39:44,2026-07-04 17:43:20,1,18,0,17,1,0,3.6,202.39
79,RN1,Pittsburgh Pirates vs. Washington Nationals: O/U 9.5,3,631.52,-10.58,2026-07-04 17:43:17,2026-07-04 17:46:46,2,3,0,3,0,0,3.48,-167.6
80,RN1,Quito: Samuel Heredia vs Matheus Pucinelli de Almeida,2,373.1,16.98,2026-07-04 19:22:34,2026-07-04 19:41:01,2,2,0,2,0,0,18.45,455.0
81,RN1,Spread: Canada (-1.5),15,4832.7,33.9,2026-07-04 17:51:02,2026-07-04 18:17:08,2,15,0,15,0,0,26.1,70.14
82,RN1,Spread: Canada (-2.5),1,9.4,14.1,2026-07-04 18:15:05,2026-07-04 18:15:05,1,1,0,1,0,0,0.0,15000.0
83,RN1,Spread: Detroit Tigers (-1.5),1,649.21,9.41,2026-07-04 21:05:28,2026-07-04 21:05:28,1,1,0,1,0,0,0.0,144.93
84,RN1,Spread: France (-1.5),118,56740.41,570.98,2026-07-04 20:41:46,2026-07-04 21:39:37,2,118,0,108,1,9,57.85,100.63
85,RN1,Spread: France (-2.5),22,7164.39,207.98,2026-07-04 19:24:44,2026-07-04 21:11:59,2,22,0,22,0,0,107.25,290.29
86,RN1,Spread: Morocco (-1.5),45,26000.93,664.34,2026-07-04 17:54:02,2026-07-04 18:56:07,2,45,0,43,2,0,62.08,255.51
87,RN1,Spread: Morocco (-2.5),21,19382.54,159.17,2026-07-04 17:47:20,2026-07-04 18:47:35,2,21,0,21,0,0,60.25,82.12
88,RN1,Spread: Paraguay (-1.5),1,26.15,6.54,2026-07-04 21:24:49,2026-07-04 21:24:49,1,1,0,1,0,0,0.0,2500.0
89,RN1,Spread: Seattle Mariners (-1.5),2,2.21,0.38,2026-07-04 20:50:14,2026-07-04 21:07:55,1,2,0,2,0,0,17.68,1730.4
90,RN1,Toronto Blue Jays vs. Seattle Mariners,19,5704.83,37.19,2026-07-04 20:24:37,2026-07-04 20:55:05,2,19,0,17,2,0,30.47,65.19
91,RN1,Toronto Blue Jays vs. Seattle Mariners: O/U 7.5,10,926.19,75.77,2026-07-04 20:25:55,2026-07-04 21:36:50,1,10,0,6,3,1,70.92,818.07
92,RN1,Will Beijing Guoan FC win on 2026-07-04?,1,13.26,0.12,2026-07-04 11:26:07,2026-07-04 11:26:07,1,1,0,1,0,0,0.0,87.72
93,RN1,Will Canada vs. Morocco end in a draw?,93,44089.8,178.03,2026-07-04 17:45:52,2026-07-04 18:56:11,2,93,0,93,0,0,70.32,40.38
94,RN1,Will Canada win on 2026-07-04?,235,59033.53,371.6,2026-07-04 17:39:04,2026-07-04 18:49:28,2,235,0,225,1,9,70.4,62.95
95,RN1,Will France win on 2026-07-04?,30,14567.98,79.53,2026-07-04 21:10:19,2026-07-04 21:28:28,2,30,0,30,0,0,18.15,54.59
96,RN1,Will Morocco win on 2026-07-04?,385,111333.67,1154.29,2026-07-04 17:43:44,2026-07-04 19:00:32,2,385,0,383,2,0,76.8,103.68
97,RN1,Will Paraguay vs. France end in a draw?,12,998.47,28.32,2026-07-04 21:29:22,2026-07-04 21:35:29,1,12,0,11,0,1,6.12,283.59
98,RN1,Will Paraguay win on 2026-07-04?,179,29826.59,81.01,2026-07-04 21:09:08,2026-07-04 21:39:37,2,179,0,105,0,74,30.48,27.16
99,RN1,Will Shanghai Haigang FC win on 2026-07-04?,1,2.05,0.02,2026-07-04 11:25:59,2026-07-04 11:25:59,1,1,0,1,0,0,0.0,121.95
100,RN1,Wimbledon ATP: Alex de Minaur vs Zachary Svajda,1,1.37,-0.0,2026-07-04 11:25:53,2026-07-04 11:25:53,1,1,0,1,0,0,0.0,-5.73
101,RN1,Wimbledon ATP: Frances Tiafoe vs Alexander Bublik,218,89736.16,623.3,2026-07-04 17:39:46,2026-07-04 21:16:02,2,218,0,210,8,0,216.27,69.46
102,RN1,Wimbledon ATP: Grigor Dimitrov vs Matteo Berrettini,82,17258.35,144.85,2026-07-04 17:39:56,2026-07-04 20:45:50,2,82,0,81,1,0,185.9,83.93
103,RN1,Wimbledon ATP: Zizou Bergs vs Arthur Fery,3,19.72,-0.03,2026-07-04 17:39:28,2026-07-04 17:39:55,2,3,0,3,0,0,0.45,-15.25
104,RN1,Wimbledon WTA: Emma Navarro vs Marta Kostyuk,2,617.32,-22.62,2026-07-04 11:25:43,2026-07-04 11:26:08,2,2,0,2,0,0,0.42,-366.42
105,RN1,Wimbledon WTA: Liudmila Samsonova vs Marie Bouzkova,1,20.96,0.0,2026-07-04 11:25:19,2026-07-04 11:25:19,1,1,0,1,0,0,0.0,0.0
